Orderdate, Product Name, Expiry Date, Quantity, Unit Price, Channel, Payment Method, Discount, Final Price
2023-04-18, Wine - White Pinot Grigio, 2023-06-10, 6, 122.47, Store, Visa, 0.05, 698.079
2023-04-09, Pepper - Red Thai, 2023-05-22, 5, 23.18, Store, Cash, 0.0, 115.9
2023-05-09, Wine - Chardonnay Mondavi, 2023-08-04, 7, 189.74, Store, Cash, 0.05, 1261.771
2023-04-09, External Supplier, 2023-05-23, 14, 9.92, App, Visa, 0.11, 123.6032
2023-03-27, Beans - Black Bean Preserved, 2023-05-28, 13, 145.85, Store, Cash, 0.07, 1763.3265
2023-04-27, Beef - Inside Round, 2023-07-18, 9, 247.62, Store, Visa, 0.05, 2117.151
2023-05-02, Bread - Calabrese Baguette, 2023-05-28, 1, 111.21, Store, Visa, 0.045, 106.20554999999999
2023-03-17, Zucchini - Mini Green, 2023-05-05, 15, 146.75, Store, Visa, 0.07500000000000001, 2036.15625
2023-03-22, Eggs - Extra Large, 2023-04-08, 16, 48.05, App, Visa, 0.165, 641.948
2023-05-11, Pork - Liver, 2023-07-20, 17, 191.13, Store, Visa, 0.07500000000000001, 3005.51925
2023-04-04, Sesame Seed, 2023-06-08, 4, 62.69, Store, Cash, 0.0, 250.76
2023-04-14, Tuna - Yellowfin, 2023-05-23, 9, 183.3, Store, Cash, 0.05, 1567.2150000000001
2023-04-23, Wine - Magnotta - Belpaese, 2023-05-12, 9, 101.36, Store, Cash, 0.08, 839.2608
2023-04-26, Bar Bran Honey Nut, 2023-07-20, 15, 13.21, Store, Cash, 0.1, 178.335
2023-04-23, Cake - French Pear Tart, 2023-07-11, 12, 215.63, Store, Cash, 0.07, 2406.4308
2023-04-24, Carbonated Water - Wildberry, 2023-07-19, 2, 19.31, Store, Cash, 0.0, 38.62
2023-04-06, Pork - Ham Virginia, 2023-06-18, 14, 208.26, Store, Cash, 0.07, 2711.5452
2023-04-30, Wine - Prosecco Valdobienne, 2023-06-01, 15, 221.11, Store, Visa, 0.07500000000000001, 3067.90125
2023-04-23, Lettuce - Boston Bib - Organic, 2023-06-13, 6, 96.43, Store, Visa, 0.05, 549.6510000000001
2023-04-05, Wine - Marlbourough Sauv Blanc, 2023-04-10, 4, 233.83, App, Visa, 0.15, 795.022
2023-04-13, Longos - Chicken Cordon Bleu, 2023-05-28, 16, 193.04, Store, Cash, 0.1, 2779.776
2023-04-19, Beef Striploin Aaa, 2023-06-06, 9, 81.77, Store, Cash, 0.05, 699.1334999999999
2023-04-29, Sauce - Oyster, 2023-05-15, 2, 69.06, App, Visa, 0.095, 124.99860000000001
2023-04-03, Barley - Pearl, 2023-05-29, 3, 94.98, App, Visa, 0.05, 270.693
2023-05-09, Cheese Cloth No 60, 2023-06-20, 16, 49.41, App, Visa, 0.15000000000000002, 671.9759999999999
2023-03-25, Cut Wakame - Hanawakaba, 2023-06-17, 16, 190.34, Store, Cash, 0.1, 2740.896
2023-05-12, Kolrabi, 2023-05-20, 14, 29.13, App, Visa, 0.185, 332.3733
2023-05-03, Coffee - Espresso, 2023-05-31, 12, 61.91, App, Visa, 0.11, 661.1988
2023-04-29, Beef - Kindney Whole, 2023-04-30, 14, 7.41, Store, Visa, 0.18, 85.0668
2023-05-10, Honey - Comb, 2023-07-03, 3, 97.54, Store, Visa, 0.05, 277.98900000000003
2023-04-19, Soup Campbells Turkey Veg., 2023-04-24, 1, 1.86, Store, Cash, 0.25, 1.395
2023-04-15, Syrup - Monin - Blue Curacao, 2023-04-19, 9, 62.85, Store, Visa, 0.155, 477.97425
2023-04-21, Coffee Beans - Chocolate, 2023-07-15, 15, 29.33, Store, Cash, 0.1, 395.955
2023-04-13, Wine - Vidal Icewine Magnotta, 2023-05-29, 17, 220.37, App, Visa, 0.15000000000000002, 3184.3464999999997
2023-03-29, Island Oasis - Peach Daiquiri, 2023-06-18, 16, 128.13, Store, Visa, 0.07500000000000001, 1896.3239999999998
2023-04-04, Lychee, 2023-07-01, 4, 16.08, Store, Cash, 0.0, 64.32
2023-03-17, Contreau, 2023-04-16, 11, 222.63, App, Visa, 0.11, 2179.5477
2023-04-08, Cheese - Taleggio D.o.p., 2023-04-27, 1, 205.18, Store, Visa, 0.10500000000000001, 183.6361
2023-03-30, Persimmons, 2023-05-01, 14, 80.81, Store, Cash, 0.07, 1052.1462000000001
2023-03-29, Towels - Paper / Kraft, 2023-05-02, 7, 17.24, Store, Cash, 0.05, 114.64599999999999
2023-03-27, Pastry - Cheese Baked Scones, 2023-06-08, 11, 232.08, App, Visa, 0.125, 2233.77
2023-04-07, Honey - Liquid, 2023-07-01, 16, 103.96, Store, Cash, 0.1, 1497.024
2023-04-09, Veal - Bones, 2023-06-30, 14, 48.36, App, Visa, 0.11, 602.5655999999999
2023-04-08, Beets, 2023-04-15, 16, 108.46, Store, Cash, 0.165, 1449.0256
2023-04-25, Wine - Saint Emilion Calvet, 2023-06-05, 5, 31.56, App, Visa, 0.05, 149.91
2023-04-13, Coffee - Ristretto Coffee Capsule, 2023-06-23, 12, 234.0, Store, Visa, 0.060000000000000005, 2639.52
2023-03-21, Beef - Tenderlion Center Cut, 2023-04-08, 7, 245.12, Store, Visa, 0.08499999999999999, 1569.9936000000002
2023-04-12, Pails With Lids, 2023-07-08, 5, 156.56, App, Visa, 0.05, 743.66
2023-04-22, Wine - Cousino Macul Antiguas, 2023-05-26, 1, 78.82, Store, Visa, 0.05, 74.87899999999999
2023-03-25, Puree - Mango, 2023-06-20, 7, 236.95, Store, Cash, 0.05, 1575.7174999999997
2023-04-15, Soup - Campbells Chili, 2023-06-13, 3, 167.22, Store, Cash, 0.0, 501.65999999999997
2023-04-02, Table Cloth 91x91 Colour, 2023-05-11, 1, 132.54, App, Visa, 0.05, 125.913
2023-05-01, Apron, 2023-07-17, 6, 139.54, Store, Cash, 0.05, 795.378
2023-04-17, Chocolate - Mi - Amere Semi, 2023-07-04, 6, 227.37, App, Visa, 0.07500000000000001, 1261.9035
2023-04-05, Tomatoes - Plum Canned, 2023-05-31, 10, 68.25, Store, Cash, 0.07, 634.725
2023-04-14, Oysters - Smoked, 2023-07-08, 15, 66.86, App, Visa, 0.125, 877.5375
2023-04-19, Pork - Chop Frenched, 2023-05-07, 2, 154.51, Store, Cash, 0.12, 271.9376
2023-05-10, Pastry - Baked Cinnamon Stick, 2023-05-16, 12, 64.08, App, Visa, 0.195, 619.0128
2023-04-03, Bread Foccacia Whole, 2023-04-18, 1, 198.9, App, Visa, 0.1, 179.01
2023-04-07, Tuna - Loin, 2023-06-16, 7, 26.01, App, Visa, 0.07500000000000001, 168.41475000000003
2023-04-02, Corn Syrup, 2023-04-27, 8, 124.55, App, Visa, 0.07500000000000001, 921.67
2023-05-05, Wine - Bouchard La Vignee Pinot, 2023-05-06, 5, 202.72, App, Visa, 0.16999999999999998, 841.288
2023-04-20, Lamb - Pieces Diced, 2023-06-12, 5, 85.41, Store, Cash, 0.0, 427.04999999999995
2023-04-08, Cocoa Butter, 2023-04-10, 3, 149.72, App, Visa, 0.165, 375.04859999999996
2023-03-30, Juice - Apple 284ml, 2023-05-12, 2, 24.63, Store, Cash, 0.0, 49.26
2023-04-03, Tomato - Plum With Basil, 2023-06-25, 3, 71.15, Store, Cash, 0.0, 213.45000000000002
2023-04-18, Wine - Magnotta White, 2023-06-12, 4, 136.58, Store, Cash, 0.05, 519.004
2023-04-01, Veal - Knuckle, 2023-05-10, 10, 186.71, Store, Cash, 0.07, 1736.403
2023-04-12, Sugar - Brown, 2023-04-28, 13, 218.79, App, Visa, 0.14500000000000002, 2431.85085
2023-04-03, Mix - Cocktail Ice Cream, 2023-05-29, 15, 94.51, Store, Cash, 0.1, 1275.885
2023-04-11, Bread Base - Gold Formel, 2023-04-17, 6, 83.09, App, Visa, 0.16999999999999998, 413.7882
2023-04-25, Salmon - Whole 4 - 6 Pounds, 2023-06-09, 9, 188.02, Store, Cash, 0.05, 1607.5710000000001
2023-04-27, Lettuce - Radicchio, 2023-06-26, 12, 227.89, Store, Cash, 0.07, 2543.2524
2023-03-21, Wood Chips - Regular, 2023-06-06, 17, 191.65, App, Visa, 0.15000000000000002, 2769.3425
2023-04-04, Pails With Lids, 2023-06-01, 1, 88.1, App, Visa, 0.05, 83.695
2023-04-29, Strawberries, 2023-05-28, 2, 148.88, App, Visa, 0.05, 282.872
2023-05-01, Bread - Pita, 2023-05-10, 2, 130.58, Store, Cash, 0.21, 206.31640000000002
2023-04-12, Hand Towel, 2023-05-01, 12, 219.89, Store, Cash, 0.09, 2401.1987999999997
2023-04-12, Ice Cream - Chocolate, 2023-05-30, 6, 175.97, App, Visa, 0.07500000000000001, 976.6334999999999
2023-04-16, Lid - 16 Oz And 32 Oz, 2023-04-17, 10, 105.73, Store, Cash, 0.18, 866.986
2023-03-17, Mayonnaise, 2023-03-22, 12, 100.57, Store, Cash, 0.16, 1013.7456
2023-04-06, Tarts Assorted, 2023-06-26, 3, 172.63, Store, Visa, 0.05, 491.9955
2023-05-04, Butter - Salted, 2023-06-13, 14, 105.08, Store, Cash, 0.07, 1368.1416
2023-03-27, Amaretto, 2023-05-28, 13, 6.89, Store, Cash, 0.07, 83.30009999999999
2023-04-03, Bread - White Mini Epi, 2023-06-21, 17, 21.35, Store, Cash, 0.1, 326.65500000000003
2023-04-12, Lamb - Bones, 2023-06-13, 16, 111.07, App, Visa, 0.15000000000000002, 1510.552
2023-04-26, Bagelers - Cinn / Brown Sugar, 2023-06-23, 12, 210.78, Store, Cash, 0.07, 2352.3048
2023-05-04, Soup - Campbells Beef Barley, 2023-05-28, 17, 206.53, Store, Visa, 0.08, 3230.1292000000003
2023-03-24, Pasta - Fettuccine Egg Fresh, 2023-06-02, 6, 166.99, Store, Cash, 0.05, 951.8430000000001
2023-05-03, Nut - Almond Blanched Whole, 2023-07-14, 9, 53.84, Store, Cash, 0.05, 460.33200000000005
2023-03-17, Wine - White Schroder And Schyl, 2023-03-23, 13, 165.67, Store, Cash, 0.155, 1819.8849500000001
2023-05-02, Soup - Knorr Chicken Gumbo, 2023-05-11, 3, 236.76, Store, Cash, 0.21, 561.1212
2023-04-26, Wine - Red Colio Cabernet, 2023-04-27, 14, 150.82, Store, Visa, 0.18, 1731.4136
2023-05-02, Thyme - Lemon Fresh, 2023-05-29, 14, 88.35, Store, Cash, 0.05, 1175.0549999999998
2023-03-13, Honey - Lavender, 2023-04-13, 1, 11.79, App, Visa, 0.05, 11.2005
2023-05-05, Cake - Bande Of Fruit, 2023-05-10, 11, 43.91, App, Visa, 0.2, 386.408
2023-04-08, Veal - Insides Provini, 2023-04-26, 11, 40.81, App, Visa, 0.135, 388.30715000000004
2023-03-20, Cheese - Taleggio D.o.p., 2023-03-25, 10, 194.85, Store, Visa, 0.175, 1607.5125
2023-04-20, Table Cloth 54x54 Colour, 2023-07-03, 15, 186.31, Store, Cash, 0.1, 2515.185
2023-03-18, Nut - Walnut Chopped, 2023-05-03, 14, 180.3, App, Visa, 0.11, 2246.5380000000005
2023-04-26, Turkey - Whole Fresh, 2023-06-17, 17, 138.43, Store, Cash, 0.1, 2117.979
2023-04-12, Ocean Spray - Ruby Red, 2023-07-02, 5, 148.87, Store, Cash, 0.0, 744.35
2023-04-24, Nantucket - Orange Mango Cktl, 2023-06-05, 6, 161.12, Store, Cash, 0.05, 918.384
2023-04-12, Flower - Carnations, 2023-05-21, 6, 229.61, Store, Cash, 0.05, 1308.777
2023-04-29, Tequila - Sauza Silver, 2023-06-30, 3, 24.27, Store, Cash, 0.0, 72.81
2023-04-17, Soup - Base Broth Beef, 2023-05-21, 14, 55.81, Store, Visa, 0.060000000000000005, 734.4596
2023-05-04, Mikes Hard Lemonade, 2023-05-24, 5, 62.32, Store, Cash, 0.1, 280.44
2023-03-31, Pasta - Lasagna Dry, 2023-06-01, 12, 8.24, Store, Visa, 0.060000000000000005, 92.9472
2023-04-06, Ginsing - Fresh, 2023-06-19, 9, 92.93, Store, Visa, 0.05, 794.5515000000001
2023-05-03, Capon - Breast Wing On, 2023-07-27, 9, 171.96, App, Visa, 0.07500000000000001, 1431.567
2023-05-07, Chocolate - Semi Sweet Calets, 2023-07-30, 15, 197.52, Store, Cash, 0.1, 2666.52
2023-03-20, Tray - 16in Rnd Blk, 2023-06-16, 12, 7.88, App, Visa, 0.11, 84.1584
2023-05-08, Coffee - Frthy Coffee Crisp, 2023-05-31, 16, 22.75, App, Visa, 0.15000000000000002, 309.4
2023-05-04, Schnappes Peppermint - Walker, 2023-05-20, 6, 19.59, App, Visa, 0.12000000000000001, 103.4352
2023-03-20, Wine - White Lindemans Bin 95, 2023-04-19, 9, 182.21, Store, Cash, 0.05, 1557.8955
2023-05-08, Coffee Cup 12oz 5342cd, 2023-07-15, 10, 130.1, App, Visa, 0.085, 1190.415
2023-03-21, Paper - Brown Paper Mini Cups, 2023-06-05, 6, 5.63, Store, Cash, 0.05, 32.091
2023-04-30, Coffee - Frthy Coffee Crisp, 2023-07-17, 15, 177.35, Store, Cash, 0.1, 2394.225
2023-05-03, Tea - Orange Pekoe, 2023-05-20, 1, 71.36, App, Visa, 0.09, 64.9376
2023-05-02, Muffin Mix - Raisin Bran, 2023-06-29, 11, 171.22, App, Visa, 0.11, 1676.2438
2023-03-23, Jack Daniels, 2023-06-14, 17, 210.22, Store, Cash, 0.3, 2501.618
2023-04-22, Beef - Ground Medium, 2023-07-05, 14, 174.09, App, Visa, 0.11, 2169.1614
2023-04-25, Onion Powder, 2023-05-03, 15, 136.9, Store, Cash, 0.16, 1724.94
2023-04-02, Tomatoes - Grape, 2023-06-28, 13, 164.11, App, Visa, 0.11, 1898.7527000000002
2023-03-22, Wine - Chenin Blanc K.w.v., 2023-06-07, 11, 184.55, App, Visa, 0.11, 1806.7445000000002
2023-04-04, Quail - Eggs Fresh, 2023-04-28, 13, 222.23, Store, Cash, 0.065, 2701.20565
2023-04-16, Bread - Pumpernickel, 2023-05-12, 11, 182.41, Store, Cash, 0.05500000000000001, 1896.15195
2023-03-16, Apples - Spartan, 2023-06-06, 6, 127.75, Store, Visa, 0.05, 728.175
2023-04-05, Snails - Large Canned, 2023-06-10, 8, 158.15, Store, Visa, 0.05, 1201.94
2023-03-13, Eggplant - Baby, 2023-04-18, 3, 241.88, App, Visa, 0.05, 689.358
2023-04-13, Wine - Rioja Campo Viejo, 2023-05-10, 15, 165.9, App, Visa, 0.125, 2177.4375
2023-04-20, Wine - Rosso Toscano Igt, 2023-04-25, 1, 188.66, App, Visa, 0.15, 160.361
2023-04-06, Wine - Blue Nun Qualitatswein, 2023-04-08, 7, 228.35, Store, Cash, 0.165, 1334.70575
2023-04-11, Ecolab Crystal Fusion, 2023-07-07, 5, 90.56, App, Visa, 0.05, 430.16
2023-04-24, Ecolab Crystal Fusion, 2023-07-23, 9, 92.27, Store, Cash, 0.05, 788.9085
2023-03-28, Sauce - White Mix, 2023-05-02, 13, 194.21, App, Visa, 0.11, 2247.0097
2023-04-15, Lobak, 2023-06-11, 15, 91.02, Store, Visa, 0.07500000000000001, 1262.9025
2023-04-09, Pasta - Shells Medium Dry, 2023-04-11, 3, 212.35, App, Visa, 0.165, 531.93675
2023-05-10, Tomatoes Tear Drop Yellow, 2023-06-03, 13, 45.47, Store, Visa, 0.065, 552.68785
2023-05-05, Melon - Honey Dew, 2023-07-27, 12, 167.18, Store, Cash, 0.07, 1865.7288
2023-03-23, Dried Cranberries, 2023-04-25, 16, 166.28, Store, Visa, 0.3, 1862.336
2023-03-26, Bagels Poppyseed, 2023-05-10, 8, 80.83, App, Visa, 0.07500000000000001, 598.1419999999999
2023-04-23, Mushroom - Crimini, 2023-06-08, 15, 217.8, App, Visa, 0.125, 2858.625
2023-04-28, Spice - Peppercorn Melange, 2023-06-16, 7, 234.14, App, Visa, 0.07500000000000001, 1516.0565
2023-03-19, Fruit Salad Deluxe, 2023-05-22, 4, 148.25, Store, Visa, 0.05, 563.35
2023-03-25, Mountain Dew, 2023-04-07, 13, 62.12, Store, Cash, 0.12000000000000001, 710.6528
2023-03-19, Pur Value, 2023-04-12, 4, 9.19, App, Visa, 0.055, 34.7382
2023-03-18, Remy Red Berry Infusion, 2023-05-26, 7, 38.18, App, Visa, 0.07500000000000001, 247.2155
2023-04-27, Chestnuts - Wholecanned, 2023-06-14, 9, 38.44, App, Visa, 0.07500000000000001, 320.013
2023-03-20, Pork - Sausage Medium, 2023-04-06, 6, 233.63, Store, Cash, 0.09, 1275.6198
2023-03-17, Apple - Royal Gala, 2023-05-03, 10, 235.0, Store, Cash, 0.07, 2185.5
2023-04-24, Oil - Cooking Spray, 2023-05-30, 14, 83.2, App, Visa, 0.11, 1036.672
2023-04-26, Tuna - Bluefin, 2023-05-02, 5, 9.57, Store, Cash, 0.24, 36.366
2023-03-22, Pepper - Green Thai, 2023-04-22, 1, 64.88, Store, Cash, 0.0, 64.88
2023-05-06, Mustard - Individual Pkg, 2023-07-29, 14, 161.8, Store, Cash, 0.07, 2106.6360000000004
2023-05-12, Pepper - Julienne Frozen, 2023-07-20, 10, 135.67, App, Visa, 0.085, 1241.3804999999998
2023-04-25, Hummus - Spread, 2023-05-03, 17, 135.48, Store, Cash, 0.16, 1934.6544
2023-03-13, Absolut Citron, 2023-05-25, 9, 62.42, Store, Visa, 0.05, 533.691
2023-05-10, Salad Dressing, 2023-05-24, 6, 150.28, Store, Cash, 0.10500000000000001, 807.0036
2023-03-21, Yogurt - Assorted Pack, 2023-05-06, 11, 64.81, App, Visa, 0.11, 634.4899
2023-04-21, Soap - Hand Soap, 2023-05-26, 6, 83.29, Store, Cash, 0.05, 474.753
2023-05-04, Barley - Pearl, 2023-06-30, 2, 123.76, App, Visa, 0.05, 235.144
2023-04-20, Appetizer - Sausage Rolls, 2023-06-25, 8, 75.13, Store, Cash, 0.05, 570.9879999999999
2023-03-16, Lemons, 2023-03-31, 17, 247.42, App, Visa, 0.175, 3470.0654999999997
2023-04-28, Cake - Miini Cheesecake Cherry, 2023-05-31, 12, 127.02, Store, Cash, 0.085, 1394.6796
2023-04-05, Table Cloth 72x144 White, 2023-06-27, 17, 229.19, Store, Visa, 0.07500000000000001, 3604.01275
2023-03-17, Sword Pick Asst, 2023-04-15, 1, 204.31, Store, Visa, 0.030000000000000002, 198.1807
2023-03-18, Cake - Sheet Strawberry, 2023-05-29, 4, 72.27, Store, Cash, 0.0, 289.08
2023-03-19, Tuna - Sushi Grade, 2023-05-09, 14, 40.61, Store, Cash, 0.07, 528.7421999999999
2023-05-02, Wine - Vovray Sec Domaine Huet, 2023-05-27, 4, 41.5, App, Visa, 0.05, 157.7
2023-03-21, Watercress, 2023-04-21, 14, 227.82, Store, Visa, 0.060000000000000005, 2998.1112
2023-03-29, V8 Splash Strawberry Banana, 2023-06-07, 13, 42.39, Store, Cash, 0.07, 512.4951000000001
2023-03-18, Syrup - Monin - Blue Curacao, 2023-05-27, 10, 121.04, Store, Cash, 0.07, 1125.672
2023-05-04, Sprouts - China Rose, 2023-05-06, 10, 58.63, Store, Cash, 0.17500000000000002, 483.69750000000005
2023-03-19, Pears - Bosc, 2023-04-19, 15, 46.72, App, Visa, 0.125, 613.1999999999999
2023-03-23, Beef - Ox Tongue, 2023-05-06, 3, 152.52, Store, Cash, 0.5, 228.78000000000003
2023-04-10, Buttons, 2023-05-16, 5, 80.87, App, Visa, 0.05, 384.13250000000005
2023-03-23, The Pop Shoppe - Root Beer, 2023-05-18, 15, 226.37, Store, Visa, 0.3, 2376.885
2023-03-30, Pork - Ground, 2023-04-14, 1, 189.55, Store, Cash, 0.15, 161.1175
2023-04-08, Wasabi Powder, 2023-05-03, 1, 24.63, App, Visa, 0.05, 23.3985
2023-03-17, Milk 2% 500 Ml, 2023-05-15, 14, 229.53, App, Visa, 0.11, 2859.9438
2023-03-23, Flavouring - Orange, 2023-04-05, 14, 183.47, Store, Visa, 0.335, 1708.1057
2023-05-01, Juice - Orange Concentrate, 2023-05-10, 11, 95.39, App, Visa, 0.18, 860.4177999999999
2023-03-15, Bonito Flakes - Toku Katsuo, 2023-04-23, 12, 96.35, Store, Visa, 0.060000000000000005, 1086.8279999999997
2023-04-19, Bread - Bistro White, 2023-05-19, 15, 68.7, App, Visa, 0.125, 901.6875
2023-04-18, Bread - English Muffin, 2023-06-08, 2, 11.09, App, Visa, 0.05, 21.070999999999998
2023-04-22, Nantuket Peach Orange, 2023-06-12, 9, 88.17, Store, Cash, 0.05, 753.8534999999999
2023-04-09, Currants, 2023-06-05, 11, 87.0, Store, Cash, 0.07, 890.01
2023-04-19, Wine - Red Gallo Merlot, 2023-07-05, 14, 171.66, Store, Cash, 0.060000000000000005, 2259.0456
2023-05-05, Cheese - Camembert, 2023-06-19, 10, 62.27, App, Visa, 0.1, 560.4300000000001
2023-04-27, Container - Hngd Cll Blk 7x7x3, 2023-06-21, 17, 247.07, Store, Visa, 0.07500000000000001, 3885.1757499999994
2023-04-04, Tomatoes - Vine Ripe Red, 2023-05-09, 9, 197.06, App, Visa, 0.07500000000000001, 1640.5245
2023-04-14, Durian Fruit, 2023-06-15, 5, 246.05, App, Visa, 0.05, 1168.7375
2023-03-23, Veal - Shank Pieces, 2023-06-01, 15, 64.0, Store, Cash, 0.3, 672.0
2023-04-23, Container - Clear 32 Oz, 2023-05-17, 14, 201.77, Store, Visa, 0.065, 2641.1693
2023-05-05, Soup - Campbells - Chicken Noodle, 2023-06-17, 15, 126.29, App, Visa, 0.125, 1657.55625
2023-05-01, Rice - Aborio, 2023-07-06, 6, 16.2, Store, Cash, 0.05, 92.33999999999999
2023-03-16, Wine - Fume Blanc Fetzer, 2023-06-04, 14, 93.19, App, Visa, 0.11, 1161.1473999999998
2023-04-21, Beef - Salted, 2023-07-11, 1, 83.46, App, Visa, 0.05, 79.28699999999999
2023-04-09, Pastry - French Mini Assorted, 2023-05-05, 6, 220.44, Store, Cash, 0.045, 1263.1211999999998
2023-05-11, Liners - Baking Cups, 2023-08-05, 4, 1.45, App, Visa, 0.05, 5.51
2023-04-30, Cookie - Oatmeal, 2023-05-13, 8, 67.93, App, Visa, 0.135, 470.0756
2023-04-09, Pastry - Banana Tea Loaf, 2023-05-20, 7, 174.86, App, Visa, 0.07500000000000001, 1132.2185
2023-03-23, Broom And Brush Rack Black, 2023-03-31, 12, 236.64, Store, Visa, 0.36, 1817.3952
2023-05-05, Fish - Bones, 2023-07-06, 5, 194.87, Store, Cash, 0.0, 974.35
2023-04-22, Pie Shell - 5, 2023-05-01, 7, 182.98, Store, Visa, 0.13, 1114.3482
2023-04-05, Wine - White Colubia Cresh, 2023-04-23, 16, 142.82, App, Visa, 0.16, 1919.5007999999998
2023-04-30, Celery Root, 2023-05-08, 10, 6.28, App, Visa, 0.16, 52.752
2023-03-22, Longos - Greek Salad, 2023-06-11, 8, 86.7, App, Visa, 0.07500000000000001, 641.58
2023-03-13, Puree - Raspberry, 2023-03-19, 16, 13.46, Store, Cash, 0.16999999999999998, 178.74880000000002
2023-04-11, Calvados - Boulard, 2023-04-13, 4, 228.68, App, Visa, 0.165, 763.7912
2023-04-14, Scampi Tail, 2023-06-21, 14, 187.9, Store, Cash, 0.07, 2446.458
2023-04-20, Island Oasis - Ice Cream Mix, 2023-05-15, 10, 123.17, App, Visa, 0.085, 1127.0055
2023-05-01, Plasticforkblack, 2023-07-17, 17, 162.91, Store, Cash, 0.1, 2492.5229999999997
2023-03-18, Bread - 10 Grain Parisian, 2023-04-13, 3, 228.82, Store, Cash, 0.04, 659.0016
2023-03-27, Kale - Red, 2023-04-11, 4, 218.31, Store, Cash, 0.15, 742.254
2023-03-13, Wine - Casillero Deldiablo, 2023-05-27, 7, 22.82, Store, Cash, 0.05, 151.75300000000001
2023-04-08, Maintenance Removal Charge, 2023-05-19, 16, 197.57, Store, Cash, 0.1, 2845.008
2023-03-18, Tea - Mint, 2023-04-18, 13, 156.99, Store, Cash, 0.07, 1898.0091000000002
2023-04-22, Cookie - Oreo 100x2, 2023-05-03, 16, 145.35, App, Visa, 0.195, 1872.108
2023-05-11, Compound - Pear, 2023-06-15, 12, 16.86, Store, Cash, 0.07, 188.1576
2023-04-09, The Pop Shoppe Pinapple, 2023-06-24, 15, 28.4, Store, Visa, 0.07500000000000001, 394.05
2023-04-11, Tarragon - Primerba Paste, 2023-05-04, 12, 4.44, Store, Visa, 0.07, 49.5504
2023-04-24, Straw - Regular, 2023-05-19, 13, 167.1, Store, Cash, 0.060000000000000005, 2041.9619999999998
2023-03-22, Mussels - Cultivated, 2023-04-28, 9, 155.12, Store, Visa, 0.05, 1326.2759999999998
2023-04-15, Beef - Top Butt Aaa, 2023-05-29, 7, 75.8, App, Visa, 0.07500000000000001, 490.805
2023-04-23, Beer - Sleemans Honey Brown, 2023-04-28, 9, 195.62, Store, Visa, 0.15, 1496.493
2023-04-26, Bread - Pumpernickle Rounds, 2023-04-29, 16, 30.8, Store, Cash, 0.185, 401.632
2023-04-08, Cheese - Cheddar With Claret, 2023-06-09, 12, 171.33, Store, Cash, 0.085, 1881.2034
2023-04-25, Orange Roughy 6/8 Oz, 2023-07-06, 3, 144.86, Store, Cash, 0.0, 434.58000000000004
2023-05-11, Quiche Assorted, 2023-06-19, 13, 194.39, Store, Cash, 0.07, 2350.1750999999995
2023-05-09, Cherries - Fresh, 2023-07-27, 9, 86.3, App, Visa, 0.07500000000000001, 718.4474999999999
2023-04-01, Appetizer - Cheese Bites, 2023-05-24, 6, 127.16, App, Visa, 0.1, 686.664
2023-04-05, Wine - Barossa Valley Estate, 2023-07-04, 16, 166.47, Store, Visa, 0.07500000000000001, 2463.756
2023-04-30, External Supplier, 2023-06-15, 10, 177.68, App, Visa, 0.085, 1625.7720000000002
2023-03-17, The Pop Shoppe Pinapple, 2023-04-06, 1, 62.58, App, Visa, 0.07500000000000001, 57.8865
2023-04-05, Wine - Red Gallo Merlot, 2023-05-10, 15, 210.55, Store, Visa, 0.07500000000000001, 2921.38125
2023-03-20, Beef - Top Butt Aaa, 2023-05-06, 3, 103.91, Store, Cash, 0.0, 311.73
2023-04-12, Yoghurt Tubes, 2023-04-28, 3, 172.6, Store, Cash, 0.14, 445.30799999999994
2023-04-24, Fudge - Chocolate Fudge, 2023-07-23, 4, 9.43, Store, Visa, 0.05, 35.833999999999996
2023-04-15, Pickles - Gherkins, 2023-06-11, 3, 187.3, Store, Cash, 0.0, 561.9000000000001
2023-03-25, Chef Hat 25cm, 2023-04-02, 10, 126.81, Store, Visa, 0.14500000000000002, 1084.2255
2023-03-20, Wheat - Soft Kernal Of Wheat, 2023-05-13, 4, 132.78, Store, Cash, 0.0, 531.12
2023-03-25, Soup - Campbells Chili Veg, 2023-06-02, 14, 88.34, Store, Cash, 0.07, 1150.1868
2023-04-01, Bread - Granary Small Pull, 2023-05-04, 13, 149.45, Store, Visa, 0.060000000000000005, 1826.279
2023-03-26, Bananas, 2023-06-05, 13, 103.36, Store, Visa, 0.060000000000000005, 1263.0592000000001
2023-04-01, Glaze - Apricot, 2023-05-16, 16, 29.3, Store, Cash, 0.1, 421.92
2023-04-02, Wine - Taylors Reserve, 2023-06-20, 16, 51.5, Store, Visa, 0.07500000000000001, 762.2
2023-03-31, Cheese - Havarti Salsa, 2023-05-09, 7, 37.1, Store, Cash, 0.07500000000000001, 240.2225
2023-05-11, Nori Sea Weed - Gold Label, 2023-06-30, 15, 217.08, App, Visa, 0.125, 2849.175
2023-03-23, Wine La Vielle Ferme Cote Du, 2023-05-01, 16, 179.99, Store, Cash, 0.3, 2015.8880000000001
2023-04-22, Coffee - Frthy Coffee Crisp, 2023-06-05, 11, 155.69, App, Visa, 0.11, 1524.2051
2023-04-20, Marjoram - Dried Rubbed, 2023-06-13, 2, 25.33, App, Visa, 0.05, 48.126999999999995
2023-05-09, The Pop Shoppe Pinapple, 2023-05-19, 16, 148.54, Store, Cash, 0.15000000000000002, 2020.1439999999998
2023-04-09, Crawfish, 2023-04-22, 11, 173.66, Store, Cash, 0.12000000000000001, 1681.0288
2023-04-06, Pork - Bacon Double Smoked, 2023-06-22, 2, 108.18, Store, Visa, 0.05, 205.542
2023-05-08, Beer - Upper Canada Light, 2023-06-09, 3, 137.12, App, Visa, 0.05, 390.79200000000003
2023-05-02, Napkin - Beverge White 2 - Ply, 2023-06-05, 12, 133.32, App, Visa, 0.11, 1423.8575999999998
2023-03-13, Wine - Vineland Estate Semi - Dry, 2023-05-23, 13, 154.59, Store, Visa, 0.060000000000000005, 1889.0898
2023-04-17, Scrubbie - Scotchbrite Hand Pad, 2023-06-16, 9, 130.41, Store, Cash, 0.05, 1115.0055
2023-04-03, Kellogs Raisan Bran Bars, 2023-05-04, 1, 49.13, Store, Visa, 0.05, 46.673500000000004
2023-04-29, Wine - Rubyport, 2023-05-14, 10, 236.91, App, Visa, 0.125, 2072.9625
2023-03-15, Pumpkin, 2023-03-24, 7, 154.67, Store, Visa, 0.13, 941.9402999999999
2023-05-11, Brandy Cherry - Mcguinness, 2023-06-23, 10, 118.87, App, Visa, 0.085, 1087.6605
2023-03-17, Wine - Soave Folonari, 2023-03-28, 1, 123.96, Store, Cash, 0.12, 109.0848
2023-04-11, Tomatoes - Cherry, 2023-06-13, 6, 22.32, Store, Cash, 0.05, 127.22400000000002
2023-04-05, Mousse - Banana Chocolate, 2023-06-09, 9, 194.32, App, Visa, 0.07500000000000001, 1617.714
2023-03-13, Cheese - Brick With Pepper, 2023-03-31, 1, 122.85, Store, Cash, 0.11, 109.3365
2023-04-03, Flour - Chickpea, 2023-05-14, 4, 11.43, Store, Visa, 0.05, 43.434
2023-04-24, Tart Shells - Savory 2, 2023-07-20, 8, 107.87, Store, Cash, 0.05, 819.812
2023-04-10, Clams - Bay, 2023-04-17, 8, 225.63, App, Visa, 0.165, 1507.2084
2023-05-06, Honey - Comb, 2023-06-14, 13, 122.33, Store, Cash, 0.07, 1478.9696999999999
2023-04-27, Thyme - Dried, 2023-07-20, 11, 189.65, Store, Cash, 0.07, 1940.1195
2023-05-04, V8 Splash Strawberry Kiwi, 2023-07-02, 12, 222.58, Store, Cash, 0.07, 2483.9928
2023-04-13, Jameson Irish Whiskey, 2023-06-30, 17, 100.98, App, Visa, 0.15000000000000002, 1459.161
2023-04-05, Lemonade - Pineapple Passion, 2023-05-12, 7, 59.74, Store, Cash, 0.05, 397.271
2023-03-16, Coconut - Creamed Pure, 2023-04-11, 14, 179.51, App, Visa, 0.11, 2236.6946
2023-05-04, Pepper - Chillies Crushed, 2023-07-08, 14, 177.57, App, Visa, 0.11, 2212.5222
2023-04-22, Petit Baguette, 2023-06-01, 2, 184.09, App, Visa, 0.05, 349.771
2023-03-23, Juice - Apple 500 Ml, 2023-04-19, 1, 148.21, Store, Cash, 0.265, 108.93435
2023-04-02, Onions - Spanish, 2023-05-06, 15, 147.93, Store, Cash, 0.1, 1997.0550000000003
2023-03-16, Wine - Carmenere Casillero Del, 2023-04-12, 3, 64.07, App, Visa, 0.05, 182.59949999999998
2023-05-10, Chips Potato All Dressed - 43g, 2023-06-08, 16, 34.82, Store, Cash, 0.055, 526.4784
2023-04-30, Pastrami, 2023-07-19, 1, 153.31, Store, Cash, 0.0, 153.31
2023-04-29, Sobe - Green Tea, 2023-07-28, 6, 43.28, Store, Visa, 0.05, 246.696
2023-04-20, Cheese - La Sauvagine, 2023-05-26, 15, 212.0, Store, Cash, 0.1, 2862.0
2023-03-15, Jicama, 2023-05-05, 10, 236.23, Store, Cash, 0.07, 2196.939
2023-04-30, Wine - Sicilia Igt Nero Avola, 2023-05-28, 4, 199.37, App, Visa, 0.05, 757.606
2023-03-13, Ginger - Crystalized, 2023-05-09, 6, 112.72, Store, Cash, 0.05, 642.5039999999999
2023-04-28, Blue Curacao - Marie Brizard, 2023-06-05, 13, 83.43, Store, Visa, 0.060000000000000005, 1019.5146000000001
2023-05-05, Pail - 15l White With Handle, 2023-06-06, 11, 232.62, Store, Visa, 0.060000000000000005, 2405.2908
2023-04-06, Pork - Kidney, 2023-06-01, 17, 190.32, Store, Cash, 0.1, 2911.896
2023-04-01, Table Cloth - 53x69 Colour, 2023-06-16, 3, 3.83, App, Visa, 0.05, 10.9155
2023-04-05, Ostrich - Prime Cut, 2023-06-04, 13, 39.62, App, Visa, 0.11, 458.4033999999999
2023-03-25, Potatoes - Peeled, 2023-06-22, 3, 110.03, Store, Cash, 0.0, 330.09000000000003
2023-03-27, Fish - Artic Char Cold Smoked, 2023-05-17, 1, 135.58, Store, Visa, 0.05, 128.80100000000002
2023-04-10, Oil - Canola, 2023-05-24, 12, 171.54, Store, Visa, 0.060000000000000005, 1934.9712
2023-04-28, Bread - English Muffin, 2023-06-18, 7, 247.0, Store, Visa, 0.05, 1642.55
2023-03-15, Table Cloth 120 Round White, 2023-06-02, 17, 114.51, App, Visa, 0.15000000000000002, 1654.6695
2023-05-03, Pork Ham Prager, 2023-07-16, 11, 38.62, App, Visa, 0.11, 378.08979999999997
2023-03-18, Dc - Frozen Momji, 2023-04-23, 12, 228.91, App, Visa, 0.11, 2444.7588
2023-04-06, Yeast Dry - Fermipan, 2023-05-14, 3, 173.94, Store, Cash, 0.0, 521.8199999999999
2023-04-29, Veal Inside - Provimi, 2023-07-28, 11, 4.73, Store, Cash, 0.07, 48.3879
2023-04-07, Pepper - Chillies Crushed, 2023-06-01, 1, 70.85, App, Visa, 0.05, 67.30749999999999
2023-04-24, Chef Hat 20cm, 2023-05-25, 2, 25.15, Store, Visa, 0.05, 47.785
2023-05-08, Oil - Olive Extra Virgin, 2023-07-28, 16, 24.09, App, Visa, 0.15000000000000002, 327.62399999999997
2023-04-01, Basil - Thai, 2023-05-05, 4, 237.09, Store, Visa, 0.05, 900.942
2023-04-08, Fennel - Seeds, 2023-06-12, 6, 216.99, Store, Cash, 0.05, 1236.843
2023-04-12, Gingerale - Schweppes 355 Ml, 2023-04-27, 3, 11.12, App, Visa, 0.1, 30.024
2023-03-14, Duck - Whole, 2023-05-06, 17, 161.92, Store, Cash, 0.1, 2477.3759999999997
2023-04-23, Truffle - Whole Black Peeled, 2023-05-03, 7, 200.92, Store, Visa, 0.125, 1230.6349999999998
2023-03-17, Lobak, 2023-06-01, 1, 123.8, Store, Cash, 0.0, 123.8
2023-04-19, Pasta - Linguini Dry, 2023-06-25, 8, 95.68, Store, Cash, 0.05, 727.168
2023-04-29, Plate Foam Laminated 9in Blk, 2023-05-13, 10, 214.18, Store, Cash, 0.115, 1895.4930000000002
2023-03-14, Pasta - Penne Lisce Dry, 2023-05-15, 5, 83.36, Store, Cash, 0.0, 416.8
2023-03-28, Chocolate - Milk Callets, 2023-04-24, 3, 54.68, Store, Cash, 0.03, 159.1188
2023-04-01, Bagel - Ched Chs Presliced, 2023-05-10, 4, 143.13, Store, Cash, 0.0, 572.52
2023-03-16, Horseradish Root, 2023-03-22, 14, 140.21, App, Visa, 0.195, 1580.1667
2023-04-25, Bamboo Shoots - Sliced, 2023-05-22, 17, 4.37, App, Visa, 0.15000000000000002, 63.1465
2023-05-04, Sauce - Oyster, 2023-08-02, 1, 171.96, Store, Visa, 0.05, 163.362
2023-03-30, Cotton Wet Mop 16 Oz, 2023-05-27, 4, 206.75, Store, Cash, 0.0, 827.0
2023-04-13, Cheese - Marble, 2023-05-11, 11, 95.2, Store, Cash, 0.085, 958.188
2023-04-11, Wine - Cotes Du Rhone Parallele, 2023-05-04, 7, 249.5, App, Visa, 0.085, 1598.0475
2023-04-14, Mop Head - Cotton 24 Oz, 2023-07-09, 15, 103.03, Store, Visa, 0.07500000000000001, 1429.54125
2023-04-24, Eggwhite Frozen, 2023-07-15, 14, 239.98, Store, Visa, 0.060000000000000005, 3158.1367999999998
2023-04-08, Truffle Cups - Brown, 2023-05-24, 5, 151.69, Store, Visa, 0.05, 720.5275
2023-04-17, Muskox - French Rack, 2023-06-09, 10, 61.34, App, Visa, 0.085, 561.2610000000001
2023-05-10, Sprite Diet - 355ml, 2023-05-15, 17, 4.52, Store, Cash, 0.175, 63.392999999999994
2023-03-31, Burger Veggie, 2023-06-20, 10, 119.32, Store, Visa, 0.060000000000000005, 1121.6079999999997
2023-04-25, Food Colouring - Orange, 2023-06-22, 12, 110.22, App, Visa, 0.11, 1177.1496
2023-04-09, Truffle Cups - White Paper, 2023-05-30, 11, 191.82, App, Visa, 0.11, 1877.9178
2023-05-04, Ostrich - Prime Cut, 2023-07-01, 7, 249.79, App, Visa, 0.07500000000000001, 1617.39025
2023-04-04, Sole - Iqf, 2023-06-24, 17, 235.06, App, Visa, 0.15000000000000002, 3396.6169999999997
2023-05-06, Muffin Batt - Carrot Spice, 2023-06-14, 3, 43.01, Store, Cash, 0.0, 129.03
2023-03-18, Pork - Chop Frenched, 2023-04-29, 11, 56.66, Store, Cash, 0.07, 579.6318
2023-05-07, Bread - Roll Whole Wheat, 2023-05-31, 9, 163.09, Store, Visa, 0.055, 1387.08045
2023-04-02, Island Oasis - Peach Daiquiri, 2023-05-17, 15, 199.42, Store, Visa, 0.07500000000000001, 2766.9525
2023-04-17, Cheese - Gouda, 2023-05-18, 1, 214.08, App, Visa, 0.07500000000000001, 198.024
2023-04-06, Food Colouring - Green, 2023-06-18, 3, 244.82, App, Visa, 0.05, 697.7370000000001
2023-03-27, Bread - White Sliced, 2023-06-13, 11, 3.7, App, Visa, 0.11, 36.223
2023-05-01, Parsley - Fresh, 2023-07-20, 12, 174.57, App, Visa, 0.11, 1864.4076
2023-03-22, Pop - Club Soda Can, 2023-04-26, 2, 199.86, Store, Cash, 0.0, 399.72
2023-04-06, Muffin Hinge 117n, 2023-07-03, 3, 23.57, App, Visa, 0.05, 67.17450000000001
2023-03-31, Hipnotiq Liquor, 2023-05-10, 1, 132.92, Store, Visa, 0.05, 126.27399999999999
2023-03-18, Jameson - Irish Whiskey, 2023-04-14, 10, 94.05, App, Visa, 0.085, 860.5575
2023-03-19, Peas Snow, 2023-05-06, 12, 201.55, Store, Cash, 0.07, 2249.2980000000002
2023-03-14, Soup - Knorr Ministrone, 2023-05-30, 7, 166.86, App, Visa, 0.07500000000000001, 1080.4185
2023-04-26, Soup Campbells Split Pea And Ham, 2023-07-25, 6, 88.86, App, Visa, 0.07500000000000001, 493.17299999999994
2023-03-17, Beef - Ox Tongue, 2023-06-15, 9, 41.68, Store, Visa, 0.05, 356.36400000000003
2023-04-14, Water - Aquafina Vitamin, 2023-05-05, 3, 173.65, Store, Cash, 0.09, 474.06450000000007
2023-05-12, Sesame Seed, 2023-06-22, 5, 227.34, Store, Visa, 0.05, 1079.865
2023-03-17, Wine - Soave Folonari, 2023-05-10, 11, 158.85, Store, Visa, 0.060000000000000005, 1642.509
2023-04-25, Pork - Ham Hocks - Smoked, 2023-07-16, 6, 142.45, App, Visa, 0.07500000000000001, 790.5975
2023-03-31, Cheese - Woolwich Goat Log, 2023-06-02, 15, 213.3, Store, Cash, 0.1, 2879.55
2023-04-14, Bread - Roll Calabrese, 2023-07-04, 11, 21.13, App, Visa, 0.11, 206.8627
2023-03-27, Pork - Smoked Back Bacon, 2023-04-26, 10, 221.82, App, Visa, 0.085, 2029.6529999999998
2023-03-20, Compound - Raspberry, 2023-05-17, 17, 105.46, Store, Visa, 0.07500000000000001, 1658.3584999999998
2023-03-15, Mousse - Banana Chocolate, 2023-06-04, 5, 117.79, App, Visa, 0.05, 559.5025
2023-04-20, Flour - Chickpea, 2023-05-07, 6, 175.29, Store, Visa, 0.09, 957.0834
2023-03-27, Wine - Baron De Rothschild, 2023-05-14, 16, 230.14, Store, Cash, 0.07500000000000001, 3406.0719999999997
2023-05-11, Tart Shells - Savory 3, 2023-08-08, 10, 91.41, App, Visa, 0.085, 836.4014999999999
2023-03-15, Gelatine Leaves - Envelopes, 2023-06-07, 4, 154.74, Store, Cash, 0.0, 618.96
2023-05-03, Soup - Campbells Beef Barley, 2023-05-25, 7, 11.2, App, Visa, 0.09, 71.344
2023-03-20, Sugar - Sweet N Low Individual, 2023-03-24, 1, 176.87, Store, Cash, 0.26, 130.8838
2023-04-05, Flour - Fast / Rapid, 2023-05-14, 3, 196.76, Store, Cash, 0.0, 590.28
2023-05-09, Flower - Leather Leaf Fern, 2023-07-27, 8, 108.89, Store, Cash, 0.05, 827.564
2023-03-21, Potatoes - Mini Red, 2023-06-14, 17, 19.03, Store, Cash, 0.1, 291.159
2023-03-16, Cheese - Brick With Pepper, 2023-04-10, 7, 179.52, App, Visa, 0.1, 1130.976
2023-03-30, Tea - Decaf 1 Cup, 2023-04-15, 5, 44.48, Store, Cash, 0.14, 191.26399999999998
2023-04-02, Wine - Prosecco Valdobienne, 2023-04-25, 12, 175.86, App, Visa, 0.11, 1878.1848000000002
2023-03-18, Wonton Wrappers, 2023-05-06, 17, 245.21, App, Visa, 0.15000000000000002, 3543.2844999999998
2023-03-23, Oranges, 2023-04-30, 16, 168.9, App, Visa, 0.35, 1756.5600000000002
2023-05-01, Vodka - Smirnoff, 2023-05-19, 6, 22.11, Store, Cash, 0.08499999999999999, 121.3839
2023-05-11, Doilies - 7 Paper, 2023-06-20, 14, 114.09, App, Visa, 0.11, 1421.5614
2023-04-26, Sauce - Vodka Blush, 2023-06-17, 17, 11.78, App, Visa, 0.15000000000000002, 170.221
2023-03-28, Fruit Salad Deluxe, 2023-06-14, 12, 121.28, Store, Cash, 0.07, 1353.4848000000002
2023-03-20, Tray - 16in Rnd Blk, 2023-05-09, 6, 167.8, Store, Visa, 0.05, 956.46
2023-04-17, Shallots, 2023-07-12, 6, 193.62, App, Visa, 0.07500000000000001, 1074.591
2023-05-12, Lobak, 2023-05-28, 2, 62.86, App, Visa, 0.095, 113.7766
2023-04-24, The Pop Shoppe - Black Cherry, 2023-06-03, 7, 56.81, Store, Cash, 0.05, 377.7865
2023-05-12, Cheese - Le Cru Du Clocher, 2023-05-22, 6, 66.27, Store, Cash, 0.15000000000000002, 337.977
2023-03-19, Bread - Sticks Thin Plain, 2023-04-16, 10, 187.56, App, Visa, 0.085, 1716.174
2023-03-14, Assorted Desserts, 2023-03-23, 7, 15.94, Store, Visa, 0.13, 97.0746
2023-03-27, Shrimp - 31/40, 2023-06-04, 17, 127.13, App, Visa, 0.15000000000000002, 1837.0285
2023-04-02, Appetizer - Shrimp Puff, 2023-04-08, 16, 12.4, Store, Cash, 0.16999999999999998, 164.67200000000003
2023-03-28, Shortbread - Cookie Crumbs, 2023-04-28, 6, 105.47, Store, Cash, 0.05, 601.179
2023-05-11, Sausage - Meat, 2023-07-28, 1, 234.17, Store, Cash, 0.0, 234.17
2023-04-13, Raspberries - Frozen, 2023-05-18, 9, 193.27, Store, Cash, 0.05, 1652.4585
2023-03-19, Carbonated Water - Lemon Lime, 2023-04-03, 3, 17.15, Store, Cash, 0.15, 43.732499999999995
2023-05-08, Cookie Dough - Oatmeal Rasin, 2023-05-28, 1, 221.69, Store, Visa, 0.07500000000000001, 205.06324999999998
2023-05-11, Coffee Cup 16oz Foam, 2023-07-15, 12, 188.64, Store, Cash, 0.07, 2105.2223999999997
2023-04-14, Cheese - Swiss, 2023-05-20, 8, 197.96, Store, Visa, 0.07500000000000001, 1464.904
2023-03-24, Flour - Whole Wheat, 2023-06-13, 15, 230.0, Store, Cash, 0.1, 3105.0
2023-03-26, Tobasco Sauce, 2023-04-01, 1, 158.62, Store, Visa, 0.145, 135.6201
2023-04-06, Vegetable - Base, 2023-05-19, 4, 7.2, Store, Visa, 0.05, 27.36
2023-04-12, Macaroons - Two Bite Choc, 2023-06-02, 4, 180.79, Store, Visa, 0.05, 687.002
2023-04-10, Iced Tea - Lemon 460 Ml, 2023-04-23, 13, 7.96, Store, Cash, 0.12000000000000001, 91.0624
2023-04-10, Cookie Chocolate Chip With, 2023-05-21, 3, 101.45, Store, Cash, 0.0, 304.35
2023-04-19, Wine - Chardonnay Mondavi, 2023-06-11, 8, 62.95, App, Visa, 0.07500000000000001, 465.83000000000004
2023-03-14, Kale - Red, 2023-06-01, 17, 125.13, Store, Visa, 0.07500000000000001, 1967.66925
2023-04-05, Chevere Logs, 2023-06-06, 6, 99.87, App, Visa, 0.07500000000000001, 554.2785
2023-04-10, Fondant - Icing, 2023-06-17, 8, 161.12, Store, Visa, 0.05, 1224.512
2023-04-02, Table Cloth 53x53 White, 2023-04-20, 8, 245.07, Store, Cash, 0.08499999999999999, 1793.9124
2023-04-20, Soup - Campbells Asian Noodle, 2023-05-14, 2, 213.54, Store, Visa, 0.055, 403.5906
2023-04-14, Pate - Cognac, 2023-07-13, 12, 223.77, Store, Cash, 0.07, 2497.2732
2023-04-30, Turnip - White, 2023-07-12, 1, 239.67, Store, Cash, 0.0, 239.67
2023-04-06, Cheese - Woolwich Goat Log, 2023-05-10, 6, 153.26, Store, Cash, 0.07500000000000001, 850.593
2023-04-23, Oil - Shortening - All - Purpose, 2023-07-13, 17, 145.27, App, Visa, 0.15000000000000002, 2099.1515
2023-04-23, Thyme - Fresh, 2023-06-20, 3, 29.72, Store, Cash, 0.0, 89.16
2023-05-04, Hagen Daza - Dk Choocolate, 2023-05-08, 15, 122.94, Store, Visa, 0.18, 1512.1619999999998
2023-03-26, Yoplait - Strawbrasp Peac, 2023-06-15, 5, 69.06, App, Visa, 0.05, 328.035
2023-04-20, Cream - 35%, 2023-07-03, 7, 203.34, App, Visa, 0.07500000000000001, 1316.6265
2023-03-18, Lemon Balm - Fresh, 2023-05-28, 14, 58.77, App, Visa, 0.11, 732.2742000000001
2023-04-07, Cheese - Grie Des Champ, 2023-05-10, 6, 40.56, Store, Visa, 0.07500000000000001, 225.108
2023-03-30, Stock - Beef White, 2023-05-02, 9, 60.72, Store, Cash, 0.05, 519.1560000000001
2023-03-26, Onions - Cippolini, 2023-04-10, 4, 161.28, App, Visa, 0.1, 580.608
2023-04-25, Beef - Tender Tips, 2023-05-01, 3, 5.69, Store, Visa, 0.145, 14.594850000000001
2023-03-18, Beer - Guiness, 2023-03-19, 16, 232.34, Store, Cash, 0.195, 2992.5392
2023-03-15, Soup - Campbells Beef Stew, 2023-05-22, 2, 208.53, App, Visa, 0.05, 396.207
2023-04-04, Soup - Chicken And Wild Rice, 2023-06-17, 12, 126.06, Store, Cash, 0.07, 1406.8296
2023-03-16, Ice Cream - Life Savers, 2023-06-14, 13, 6.12, Store, Visa, 0.060000000000000005, 74.7864
2023-05-03, Pork - Backfat, 2023-06-06, 3, 209.35, Store, Cash, 0.0, 628.05
2023-05-08, Pecan Raisin - Tarts, 2023-05-27, 14, 122.75, Store, Cash, 0.09, 1563.835
2023-04-16, Brocolinni - Gaylan Chinese, 2023-04-27, 6, 111.13, Store, Cash, 0.12, 586.7664
2023-04-25, Cheese - Manchego Spanish, 2023-06-02, 15, 7.6, App, Visa, 0.125, 99.75
2023-04-26, Mustard - Pommery, 2023-07-09, 14, 125.39, Store, Cash, 0.07, 1632.5778
2023-04-01, Potatoes - Mini Red, 2023-06-28, 11, 225.48, Store, Visa, 0.060000000000000005, 2331.4631999999997
2023-03-26, Pastry - Carrot Muffin - Mini, 2023-04-24, 6, 241.17, Store, Cash, 0.030000000000000002, 1403.6094
2023-04-20, Sparkling Wine - Rose Freixenet, 2023-04-26, 15, 245.79, Store, Cash, 0.16999999999999998, 3060.0855
2023-04-14, Jam - Blackberry 20 Ml Jar, 2023-06-30, 14, 64.57, Store, Visa, 0.060000000000000005, 849.7411999999999
2023-03-20, Stock - Fish, 2023-05-14, 12, 94.25, App, Visa, 0.11, 1006.59
2023-04-10, Poppy Seed, 2023-06-10, 9, 51.14, Store, Visa, 0.05, 437.247
2023-05-04, Fond - Neutral, 2023-07-06, 15, 108.81, Store, Visa, 0.07500000000000001, 1509.73875
2023-03-17, Artichoke - Fresh, 2023-05-08, 14, 219.95, App, Visa, 0.11, 2740.5769999999998
2023-03-13, Muffin - Zero Transfat, 2023-04-24, 3, 127.44, Store, Cash, 0.0, 382.32
2023-03-13, Soup - Campbells Bean Medley, 2023-06-10, 16, 162.4, App, Visa, 0.15000000000000002, 2208.64
2023-03-22, Canadian Emmenthal, 2023-04-10, 16, 240.98, Store, Cash, 0.10500000000000001, 3450.8336
2023-04-10, Corn - On The Cob, 2023-06-04, 15, 245.09, App, Visa, 0.125, 3216.80625
2023-03-26, Lamb Rack Frenched Australian, 2023-05-03, 1, 138.86, Store, Visa, 0.05, 131.917
2023-03-13, Pastry - Baked Cinnamon Stick, 2023-05-13, 17, 166.51, Store, Visa, 0.07500000000000001, 2618.36975
2023-04-14, Tortillas - Flour 12, 2023-05-03, 6, 49.16, App, Visa, 0.10500000000000001, 263.9892
2023-04-03, Steampan - Lid For Half Size, 2023-05-21, 15, 233.85, Store, Cash, 0.1, 3156.975
2023-04-05, Capon - Breast Double Wing On, 2023-06-08, 3, 220.85, Store, Cash, 0.0, 662.55
2023-05-03, Loquat, 2023-06-24, 14, 174.21, Store, Cash, 0.07, 2268.2142
2023-04-08, Juice - Ocean Spray Cranberry, 2023-05-10, 7, 189.75, Store, Visa, 0.05, 1261.8375
2023-05-11, Beef - Inside Round, 2023-06-23, 7, 1.36, Store, Cash, 0.05, 9.044
2023-05-12, Pancetta, 2023-07-13, 6, 181.83, Store, Visa, 0.05, 1036.431
2023-04-09, Garlic - Elephant, 2023-04-19, 17, 132.65, Store, Cash, 0.15000000000000002, 1916.7925
2023-05-02, Ranchero - Primerba Paste, 2023-07-01, 8, 162.54, App, Visa, 0.07500000000000001, 1202.7959999999998
2023-04-02, Wine - Charddonnay Errazuriz, 2023-05-15, 3, 92.21, Store, Visa, 0.05, 262.7985
2023-03-16, Potatoes - Peeled, 2023-04-16, 5, 78.01, App, Visa, 0.05, 370.5475
2023-04-28, Triple Sec - Mcguinness, 2023-05-18, 4, 44.35, Store, Cash, 0.1, 159.66
2023-04-06, Longos - Penne With Pesto, 2023-04-14, 15, 186.92, Store, Cash, 0.16, 2355.192
2023-03-22, Onions - Red Pearl, 2023-05-16, 2, 208.6, Store, Visa, 0.05, 396.34
2023-05-04, Pepper - Black Crushed, 2023-07-02, 16, 152.4, Store, Visa, 0.07500000000000001, 2255.52
2023-04-01, Fond - Neutral, 2023-06-02, 11, 103.06, App, Visa, 0.11, 1008.9574000000001
2023-04-01, Beer - Paulaner Hefeweisse, 2023-06-28, 13, 37.05, Store, Visa, 0.060000000000000005, 452.751
2023-04-30, Sage Derby, 2023-07-06, 12, 41.48, App, Visa, 0.11, 443.0064
2023-03-14, Pasta - Fusili Tri - Coloured, 2023-05-01, 17, 70.45, App, Visa, 0.15000000000000002, 1018.0025
2023-03-25, Lady Fingers, 2023-03-28, 13, 223.14, App, Visa, 0.21000000000000002, 2291.6477999999997
2023-03-17, Pop - Club Soda Can, 2023-05-06, 7, 128.83, Store, Cash, 0.05, 856.7195
2023-05-12, Cardamon Ground, 2023-06-19, 7, 84.84, App, Visa, 0.07500000000000001, 549.3389999999999
2023-04-01, Ice Cream - Life Savers, 2023-04-06, 5, 53.47, Store, Visa, 0.15, 227.24750000000003
2023-03-20, Five Alive Citrus, 2023-03-27, 4, 51.52, Store, Visa, 0.14, 177.2288
2023-03-21, Bagel - 12 Grain Preslice, 2023-06-03, 7, 169.41, Store, Visa, 0.05, 1126.5765
2023-04-28, Cheese - Augre Des Champs, 2023-07-16, 15, 113.75, Store, Cash, 0.1, 1535.625
2023-03-14, Chocolate - Milk Callets, 2023-05-09, 1, 57.02, App, Visa, 0.05, 54.169000000000004
2023-03-15, Tea Leaves - Oolong, 2023-03-18, 14, 75.78, Store, Cash, 0.17, 880.5636000000001
2023-04-14, Chilli Paste Hot Sambal Oelek, 2023-05-16, 15, 20.58, Store, Cash, 0.1, 277.83
2023-04-09, Red Cod Fillets - 225g, 2023-06-15, 14, 234.77, Store, Cash, 0.07, 3056.7054000000003
2023-03-27, Fuji Apples, 2023-05-10, 14, 130.74, Store, Cash, 0.07, 1702.2348000000002
2023-05-03, Bread - Assorted Rolls, 2023-07-01, 2, 214.24, Store, Cash, 0.0, 428.48
2023-04-23, Cocktail Napkin Blue, 2023-06-11, 3, 5.02, Store, Cash, 0.0, 15.059999999999999
2023-04-24, Soup - French Onion Dry, 2023-06-05, 7, 157.84, Store, Visa, 0.05, 1049.6360000000002
2023-03-29, Coffee - Irish Cream, 2023-04-25, 12, 201.33, Store, Cash, 0.05, 2295.1620000000003
2023-03-17, Glycerine, 2023-06-02, 16, 240.75, App, Visa, 0.15000000000000002, 3274.2
2023-04-21, Lobster - Base, 2023-06-18, 6, 232.62, Store, Cash, 0.05, 1325.934
2023-03-21, Milk - Skim, 2023-04-01, 16, 82.01, Store, Visa, 0.14500000000000002, 1121.8968
2023-04-26, Cookie Choc, 2023-06-09, 14, 236.92, Store, Cash, 0.07, 3084.6983999999998
2023-04-28, Beer - Steamwhistle, 2023-07-26, 16, 64.97, App, Visa, 0.15000000000000002, 883.592
2023-03-29, Spinach - Spinach Leaf, 2023-06-18, 4, 71.74, Store, Cash, 0.0, 286.96
2023-03-15, Chinese Foods - Chicken Wing, 2023-06-09, 16, 215.06, App, Visa, 0.15000000000000002, 2924.816
2023-05-03, Cranberries - Frozen, 2023-05-11, 9, 215.56, Store, Cash, 0.135, 1678.1345999999999
2023-04-13, Soup - Campbells Chili, 2023-06-11, 15, 116.4, Store, Cash, 0.1, 1571.4
2023-05-11, General Purpose Trigger, 2023-05-14, 9, 243.88, Store, Cash, 0.16, 1843.7328
2023-03-24, Liqueur Banana Ramazzotti, 2023-03-26, 13, 131.39, App, Visa, 0.21500000000000002, 1340.8349499999997
2023-04-21, Bagelers, 2023-06-13, 16, 202.73, Store, Cash, 0.1, 2919.312
2023-03-17, Chocolate Bar - Smarties, 2023-05-03, 6, 36.23, Store, Visa, 0.05, 206.511
2023-03-23, Longos - Greek Salad, 2023-06-03, 16, 49.18, Store, Cash, 0.3, 550.816
2023-04-28, Beer - Blue Light, 2023-07-04, 8, 38.44, Store, Cash, 0.05, 292.144
2023-05-07, Ice Cream - Super Sandwich, 2023-07-07, 16, 63.29, App, Visa, 0.15000000000000002, 860.7439999999999
2023-05-05, Bacardi Breezer - Tropical, 2023-06-05, 11, 6.02, App, Visa, 0.11, 58.9358
2023-04-07, Beef - Montreal Smoked Brisket, 2023-05-27, 15, 214.75, App, Visa, 0.125, 2818.59375
2023-03-24, Sprouts Dikon, 2023-05-18, 11, 198.74, Store, Cash, 0.07, 2033.1102000000003
2023-03-13, Pasta - Bauletti Chicken White, 2023-05-10, 9, 210.88, Store, Cash, 0.05, 1803.0240000000001
2023-04-08, Chicken - Ground, 2023-04-29, 12, 91.7, Store, Cash, 0.08, 1012.368
2023-04-10, Wine - White French Cross, 2023-06-15, 14, 105.92, Store, Cash, 0.060000000000000005, 1393.9072
2023-05-05, Appetizer - Tarragon Chicken, 2023-06-18, 12, 217.6, Store, Cash, 0.07, 2428.4159999999997
2023-05-06, Phyllo Dough, 2023-06-18, 7, 249.92, Store, Cash, 0.05, 1661.9679999999998
2023-04-14, Cheese - Camembert, 2023-05-21, 6, 75.17, App, Visa, 0.1, 405.918
2023-05-01, Jam - Raspberry, 2023-05-30, 3, 71.6, Store, Cash, 0.01, 212.652
2023-05-12, Wine - Pinot Noir Mondavi Coastal, 2023-05-16, 15, 114.42, Store, Cash, 0.18, 1407.366
2023-05-04, Creamers - 10%, 2023-07-13, 16, 182.77, App, Visa, 0.15000000000000002, 2485.672
2023-03-20, Wine - Chablis 2003 Champs, 2023-05-26, 10, 88.12, Store, Cash, 0.060000000000000005, 828.3280000000001
2023-03-19, Wine - Rosso Del Veronese Igt, 2023-06-17, 10, 110.96, Store, Cash, 0.060000000000000005, 1043.024
2023-04-25, Filter - Coffee, 2023-06-27, 12, 48.79, Store, Visa, 0.060000000000000005, 550.3512000000001
2023-03-13, Ice Cream Bar - Oreo Sandwich, 2023-04-15, 7, 233.66, Store, Cash, 0.05, 1553.839
2023-03-23, Ham - Proscuitto, 2023-06-13, 14, 162.01, Store, Visa, 0.28500000000000003, 1621.7201
2023-04-02, Juice - Apple 341 Ml, 2023-04-06, 9, 65.97, App, Visa, 0.18, 486.8586
2023-04-23, Magnotta Bel Paese Red, 2023-06-28, 4, 9.69, App, Visa, 0.05, 36.821999999999996
2023-04-12, Sauce Bbq Smokey, 2023-05-21, 1, 111.91, Store, Cash, 0.0, 111.91
2023-03-14, Mix Pina Colada, 2023-05-18, 11, 132.35, Store, Visa, 0.060000000000000005, 1368.4989999999998
2023-03-29, Chicken - Whole Roasting, 2023-06-09, 3, 226.77, App, Visa, 0.05, 646.2945000000001
2023-04-29, Sprouts - Peppercress, 2023-07-28, 15, 83.76, App, Visa, 0.125, 1099.3500000000001
2023-03-17, Sugar Thermometer, 2023-06-08, 9, 35.86, Store, Cash, 0.05, 306.603
2023-05-02, Butter - Pod, 2023-05-25, 9, 6.64, App, Visa, 0.085, 54.6804
2023-05-12, Garam Marsala, 2023-06-09, 8, 42.36, Store, Cash, 0.035, 327.0192
2023-05-08, Mudslide, 2023-06-09, 7, 128.4, Store, Cash, 0.05, 853.86
2023-03-17, Ecolab - Ster Bac, 2023-06-03, 7, 127.84, Store, Visa, 0.05, 850.136
2023-05-01, Noodles - Cellophane Thin, 2023-07-14, 17, 171.0, Store, Cash, 0.1, 2616.3
2023-04-16, Appetizer - Southwestern, 2023-06-30, 11, 124.86, Store, Cash, 0.07, 1277.3178
2023-04-21, Thyme - Dried, 2023-06-29, 3, 85.66, App, Visa, 0.05, 244.13100000000003
2023-04-19, Coffee - French Vanilla Frothy, 2023-05-03, 4, 181.44, Store, Visa, 0.10500000000000001, 649.5552
2023-04-09, Ecolab - Solid Fusion, 2023-07-06, 4, 11.47, Store, Cash, 0.0, 45.88
2023-04-21, Sour Puss - Tangerine, 2023-06-20, 9, 187.57, Store, Visa, 0.05, 1603.7234999999998
2023-03-28, Napkin Colour, 2023-06-01, 3, 95.55, Store, Cash, 0.0, 286.65
2023-03-16, Passion Fruit, 2023-04-13, 5, 47.25, Store, Visa, 0.035, 227.98125
2023-04-21, Beef - Tenderloin Tails, 2023-06-25, 6, 216.68, App, Visa, 0.07500000000000001, 1202.5739999999998
2023-05-06, Calypso - Strawberry Lemonade, 2023-05-28, 8, 136.78, App, Visa, 0.09, 995.7584
2023-05-03, Soupfoamcont12oz 112con, 2023-07-21, 13, 60.32, Store, Visa, 0.060000000000000005, 737.1103999999999
2023-03-14, Fudge - Cream Fudge, 2023-03-23, 12, 225.99, App, Visa, 0.18, 2223.7416000000003
2023-05-10, Gingerale - Diet - Schweppes, 2023-05-23, 10, 193.2, Store, Visa, 0.12000000000000001, 1700.1599999999999
2023-05-05, Trueblue - Blueberry 12x473ml, 2023-07-19, 3, 51.38, Store, Cash, 0.0, 154.14000000000001
2023-04-20, Calypso - Black Cherry Lemonade, 2023-05-12, 12, 8.31, Store, Cash, 0.07500000000000001, 92.241
2023-05-07, Puree - Raspberry, 2023-05-23, 10, 134.58, Store, Cash, 0.10500000000000001, 1204.4910000000002
2023-03-17, Pate - Cognac, 2023-04-28, 1, 70.2, Store, Cash, 0.0, 70.2
2023-04-07, Hipnotiq Liquor, 2023-06-04, 16, 22.23, Store, Cash, 0.1, 320.112
2023-04-04, Icecream - Dstk Cml And Fdg, 2023-04-12, 3, 184.39, Store, Cash, 0.22, 431.47259999999994
2023-04-23, Muffin Mix - Carrot, 2023-05-12, 12, 228.89, Store, Visa, 0.09, 2499.4788
2023-04-25, Mushroom - Morels Dry, 2023-06-14, 15, 50.24, Store, Visa, 0.07500000000000001, 697.08
2023-04-29, Foie Gras, 2023-07-22, 6, 28.35, App, Visa, 0.07500000000000001, 157.34250000000003
2023-04-02, Pepperoni Slices, 2023-04-30, 8, 130.02, Store, Visa, 0.05, 988.152
2023-03-13, Cake - Sheet Strawberry, 2023-05-03, 11, 218.23, Store, Cash, 0.07, 2232.4928999999997
2023-04-25, Mahi Mahi, 2023-05-22, 6, 17.81, App, Visa, 0.07500000000000001, 98.84549999999999
2023-03-13, Beans - Yellow, 2023-04-14, 17, 138.42, Store, Cash, 0.1, 2117.826
2023-04-17, Mushrooms - Honey, 2023-06-05, 4, 144.18, App, Visa, 0.05, 547.884
2023-04-23, Longos - Lasagna Beef, 2023-05-27, 12, 236.92, Store, Cash, 0.07, 2644.0272
2023-04-26, Food Colouring - Blue, 2023-06-17, 3, 216.56, Store, Cash, 0.0, 649.6800000000001
2023-05-04, Veal - Provimi Inside, 2023-07-01, 14, 166.26, Store, Cash, 0.07, 2164.7052
2023-04-22, Olive - Spread Tapenade, 2023-06-03, 6, 188.99, Store, Visa, 0.05, 1077.243
2023-04-04, Foil - Round Foil, 2023-04-29, 9, 135.32, Store, Cash, 0.05, 1156.9859999999999
2023-03-23, Scallops - U - 10, 2023-04-29, 16, 15.66, Store, Cash, 0.3, 175.392
2023-04-06, Bag - Bread White Plain, 2023-05-10, 16, 108.67, Store, Cash, 0.1, 1564.848
2023-05-06, Carbonated Water - Raspberry, 2023-07-21, 6, 111.15, App, Visa, 0.07500000000000001, 616.8825
2023-03-13, Wine - Segura Viudas Aria Brut, 2023-04-12, 12, 70.29, Store, Visa, 0.060000000000000005, 792.8712
2023-04-22, Amarula Cream, 2023-04-28, 13, 50.37, App, Visa, 0.195, 527.12205
2023-04-23, Salmon - Atlantic No Skin, 2023-05-31, 10, 206.7, App, Visa, 0.085, 1891.305
2023-04-19, Sugar Thermometer, 2023-06-14, 14, 196.59, Store, Cash, 0.07, 2559.6018000000004
2023-04-03, Liqueur - Melon, 2023-04-18, 11, 212.54, Store, Cash, 0.11, 2080.7666
2023-04-25, Madeira, 2023-07-18, 14, 129.0, Store, Cash, 0.07, 1679.58
2023-04-27, Flower - Commercial Spider, 2023-07-09, 4, 134.57, Store, Visa, 0.05, 511.366
2023-03-19, Capon - Breast Double Wing On, 2023-05-23, 6, 32.99, App, Visa, 0.07500000000000001, 183.09449999999998
2023-04-11, Smoked Tongue, 2023-06-19, 11, 116.12, Store, Visa, 0.060000000000000005, 1200.6808
2023-04-17, Apple - Fuji, 2023-05-17, 2, 236.66, App, Visa, 0.05, 449.654
2023-04-20, Pork - Bacon Double Smoked, 2023-06-26, 17, 160.41, App, Visa, 0.15000000000000002, 2317.9244999999996
2023-04-27, Island Oasis - Peach Daiquiri, 2023-06-14, 8, 21.59, App, Visa, 0.07500000000000001, 159.766
2023-04-29, Pepper - Chipotle Canned, 2023-06-15, 1, 82.75, Store, Cash, 0.0, 82.75
2023-04-25, Wine - Duboeuf Beaujolais, 2023-07-09, 8, 231.85, Store, Cash, 0.05, 1762.06
2023-04-08, Soup - Knorr Classic Can. Chili, 2023-05-21, 6, 75.73, Store, Visa, 0.05, 431.661
2023-04-24, Water - Spring Water 355 Ml, 2023-07-08, 9, 246.21, App, Visa, 0.07500000000000001, 2049.69825
2023-03-23, Onions - Green, 2023-05-02, 17, 71.44, App, Visa, 0.35, 789.412
2023-04-18, Rice - Jasmine Sented, 2023-06-24, 13, 145.71, Store, Cash, 0.07, 1761.6339
2023-04-29, Snapple Lemon Tea, 2023-07-03, 13, 90.59, Store, Visa, 0.060000000000000005, 1107.0098
2023-05-11, Nut - Cashews Whole Raw, 2023-06-06, 9, 123.2, Store, Visa, 0.05, 1053.36
2023-04-07, Bread - Triangle White, 2023-05-09, 15, 181.13, App, Visa, 0.125, 2377.3312499999997
2023-04-26, Pasta - Rotini Colour Dry, 2023-07-17, 4, 200.73, Store, Visa, 0.05, 762.774
2023-03-29, Milk - Skim, 2023-04-10, 4, 230.51, Store, Cash, 0.18, 756.0727999999999
2023-05-01, Beans - Green, 2023-07-05, 15, 112.63, App, Visa, 0.125, 1478.2687499999997
2023-04-21, Longos - Lasagna Beef, 2023-05-14, 9, 247.62, Store, Cash, 0.060000000000000005, 2094.8651999999997
2023-04-27, Bread - Olive Dinner Roll, 2023-06-04, 8, 2.23, App, Visa, 0.07500000000000001, 16.502
2023-03-19, Soup - French Can Pea, 2023-06-09, 10, 86.47, Store, Visa, 0.060000000000000005, 812.818
2023-03-16, Corn Meal, 2023-03-17, 16, 24.53, Store, Cash, 0.195, 315.94640000000004
2023-04-17, Jerusalem Artichoke, 2023-06-15, 4, 203.16, Store, Visa, 0.05, 772.008
2023-05-12, Ocean Spray - Kiwi Strawberry, 2023-07-31, 11, 175.29, Store, Visa, 0.060000000000000005, 1812.4986
2023-04-06, Silicone Parch. 16.3x24.3, 2023-06-04, 2, 38.77, Store, Visa, 0.05, 73.66300000000001
2023-05-06, Sachet, 2023-05-14, 5, 81.34, Store, Cash, 0.22, 317.22600000000006
2023-03-19, Spaghetti Squash, 2023-03-30, 9, 10.77, Store, Cash, 0.12, 85.29839999999999
2023-04-11, Coffee Beans - Chocolate, 2023-06-02, 12, 102.37, Store, Visa, 0.060000000000000005, 1154.7336
2023-04-26, Bread - Flat Bread, 2023-05-29, 13, 245.49, App, Visa, 0.11, 2840.3193
2023-04-20, Egg Patty Fried, 2023-05-02, 7, 182.62, Store, Cash, 0.11499999999999999, 1131.3309000000002
2023-04-09, Grenadillo, 2023-07-08, 7, 70.22, App, Visa, 0.07500000000000001, 454.67449999999997
2023-03-30, Island Oasis - Peach Daiquiri, 2023-06-04, 13, 67.7, Store, Cash, 0.07, 818.493
2023-04-12, Marsala - Sperone Fine D.o.c., 2023-04-22, 12, 113.77, Store, Cash, 0.135, 1180.9326
2023-04-28, Snapple - Mango Maddness, 2023-05-06, 1, 111.28, Store, Cash, 0.22, 86.7984
2023-03-21, Wine - Sake, 2023-04-09, 11, 125.98, App, Visa, 0.13, 1205.6286
2023-05-07, Bread - Sticks Thin Plain, 2023-05-30, 16, 133.65, Store, Cash, 0.085, 1956.636
2023-04-28, Sugar - Fine, 2023-05-02, 12, 109.82, Store, Cash, 0.165, 1100.3963999999999
2023-04-15, Snapple Lemon Tea, 2023-06-16, 1, 237.89, Store, Cash, 0.0, 237.89
2023-04-24, Trout - Rainbow Fresh, 2023-07-23, 12, 185.12, Store, Cash, 0.07, 2065.9392
2023-03-29, Chutney Sauce - Mango, 2023-06-13, 8, 216.72, Store, Visa, 0.05, 1647.072
2023-04-01, Wine - Placido Pinot Grigo, 2023-06-24, 8, 176.57, App, Visa, 0.07500000000000001, 1306.618
2023-04-02, Lobster - Live, 2023-04-29, 13, 186.23, Store, Cash, 0.05, 2299.9404999999997
2023-03-15, Pastry - Key Limepoppy Seed Tea, 2023-03-20, 4, 112.38, Store, Visa, 0.15, 382.092
2023-03-19, Pepper - Julienne Frozen, 2023-04-19, 2, 236.64, Store, Visa, 0.05, 449.616
2023-04-28, Tomatoes, 2023-06-16, 14, 8.53, App, Visa, 0.11, 106.28379999999999
2023-03-20, Water - Evian 355 Ml, 2023-04-04, 17, 143.49, Store, Visa, 0.125, 2134.4137499999997
2023-04-13, Beer - Maudite, 2023-07-11, 15, 176.36, Store, Cash, 0.1, 2380.86
2023-05-01, Bouillion - Fish, 2023-07-30, 6, 91.44, Store, Cash, 0.05, 521.208
2023-04-13, Edible Flower - Mixed, 2023-06-17, 11, 58.36, App, Visa, 0.11, 571.3444000000001
2023-04-13, Split Peas - Green Dry, 2023-04-19, 2, 204.16, App, Visa, 0.145, 349.1136
2023-05-05, Fib N9 - Prague Powder, 2023-07-09, 1, 4.5, Store, Cash, 0.0, 4.5
2023-04-09, Pickle - Dill, 2023-04-22, 13, 130.2, App, Visa, 0.16, 1421.7839999999999
2023-03-30, Truffle Cups - Red, 2023-04-04, 13, 143.75, App, Visa, 0.2, 1495.0
2023-04-13, Broom - Angled, 2023-06-23, 17, 243.87, Store, Cash, 0.1, 3731.211
2023-03-30, Juice - Tomato 48 Oz, 2023-06-26, 6, 15.79, Store, Visa, 0.05, 90.003
2023-04-12, Sauce - Plum, 2023-07-04, 13, 83.88, Store, Cash, 0.07, 1014.1092000000001
2023-04-16, Wine - Red Cabernet Merlot, 2023-05-26, 5, 185.28, Store, Visa, 0.05, 880.0799999999999
2023-05-02, Cheese - Brie Cups 125g, 2023-05-30, 14, 96.63, App, Visa, 0.125, 1183.7175
2023-03-26, Horseradish Root, 2023-06-05, 15, 10.34, App, Visa, 0.125, 135.7125
2023-04-23, Turnip - Wax, 2023-06-15, 15, 94.8, Store, Cash, 0.1, 1279.8
2023-03-23, Cumin - Ground, 2023-06-20, 9, 20.97, Store, Visa, 0.275, 136.82925
2023-04-02, Yogurt - Blueberry 175 Gr, 2023-07-01, 8, 27.4, Store, Cash, 0.05, 208.23999999999998
2023-04-06, Cinnamon Rolls, 2023-04-17, 5, 71.47, Store, Visa, 0.12, 314.468
2023-05-12, Wine - Vineland Estate Semi - Dry, 2023-05-19, 11, 127.04, Store, Cash, 0.15000000000000002, 1187.824
2023-03-30, Dome Lid Clear P92008h, 2023-04-19, 2, 122.41, Store, Cash, 0.1, 220.338
2023-03-19, Beef - Cow Feet Split, 2023-04-24, 7, 151.37, Store, Cash, 0.05, 1006.6105000000001
2023-04-02, Mahi Mahi, 2023-05-03, 1, 134.35, App, Visa, 0.05, 127.6325
2023-03-27, Horseradish Root, 2023-04-18, 6, 190.46, Store, Visa, 0.065, 1068.4806
2023-04-21, Bread - Sour Batard, 2023-07-14, 5, 140.94, App, Visa, 0.05, 669.465
2023-04-15, Sprite Diet - 355ml, 2023-06-11, 16, 135.29, App, Visa, 0.15000000000000002, 1839.944
2023-03-20, Eggplant Italian, 2023-04-11, 16, 141.4, Store, Cash, 0.09, 2058.784
2023-04-13, Pasta - Bauletti Chicken White, 2023-06-05, 8, 233.12, Store, Cash, 0.05, 1771.712
2023-05-01, Pastry - Key Limepoppy Seed Tea, 2023-05-21, 8, 15.42, Store, Cash, 0.07500000000000001, 114.108
2023-04-17, Veal - Tenderloin Untrimmed, 2023-05-10, 14, 191.97, Store, Cash, 0.07, 2499.4494
2023-05-12, Bag - Regular Kraft 20 Lb, 2023-07-03, 11, 24.42, App, Visa, 0.11, 239.0718
2023-04-11, Crackers - Soda / Saltins, 2023-06-12, 13, 54.93, Store, Cash, 0.07, 664.1037
2023-03-29, Oysters - Smoked, 2023-06-01, 17, 103.28, Store, Cash, 0.1, 1580.184
2023-05-06, Water - Mineral Natural, 2023-05-24, 5, 169.85, Store, Cash, 0.12, 747.34
2023-03-21, Beef - Salted, 2023-06-12, 4, 71.58, Store, Cash, 0.0, 286.32
2023-04-07, Wine - Baron De Rothschild, 2023-05-25, 1, 62.44, App, Visa, 0.05, 59.318
2023-05-12, Juice - Pineapple 341 Ml, 2023-08-04, 2, 146.2, App, Visa, 0.05, 277.78
2023-05-04, Ice Cream Bar - Oreo Sandwich, 2023-05-18, 5, 111.87, Store, Visa, 0.10500000000000001, 500.61825
2023-04-07, Beef - Roasted Cooked, 2023-05-11, 14, 41.46, Store, Cash, 0.07, 539.8092
2023-03-29, Dates, 2023-06-06, 1, 191.02, Store, Cash, 0.0, 191.02
2023-04-19, Spice - Onion Powder Granulated, 2023-07-18, 6, 43.22, Store, Cash, 0.05, 246.35399999999998
2023-04-11, Creme De Cacao White, 2023-05-07, 13, 71.63, Store, Visa, 0.060000000000000005, 875.3186
2023-03-23, Oil - Olive, 2023-05-30, 7, 11.72, Store, Cash, 0.275, 59.479
2023-03-29, Wine - White Concha Y Toro, 2023-04-14, 8, 116.44, Store, Visa, 0.095, 843.0255999999999
2023-03-24, Wine - Bourgogne 2002 La, 2023-05-03, 2, 164.81, Store, Cash, 0.05, 313.139
2023-04-17, Bread - Rye, 2023-05-08, 12, 158.12, App, Visa, 0.12, 1669.7472
2023-03-24, Filter - Coffee, 2023-04-19, 10, 103.78, App, Visa, 0.085, 949.587
2023-05-12, Pasta - Lasagne Fresh, 2023-06-30, 16, 179.14, Store, Cash, 0.1, 2579.616
2023-05-07, Gherkin, 2023-06-15, 5, 176.37, Store, Cash, 0.0, 881.85
2023-04-22, Swordfish Loin Portions, 2023-05-08, 11, 14.82, Store, Cash, 0.10500000000000001, 145.90290000000002
2023-05-02, Sausage - Chorizo, 2023-07-31, 15, 38.38, App, Visa, 0.125, 503.73750000000007
2023-04-21, Sauce - Soy Low Sodium - 3.87l, 2023-05-24, 17, 112.69, Store, Cash, 0.1, 1724.157
2023-04-18, Hinge W Undercut, 2023-05-07, 15, 116.7, Store, Visa, 0.10500000000000001, 1566.6975
2023-04-15, Wine - Fino Tio Pepe Gonzalez, 2023-07-08, 11, 121.46, App, Visa, 0.11, 1189.0934
2023-04-06, Container - Foam Dixie 12 Oz, 2023-05-05, 3, 187.58, App, Visa, 0.05, 534.6030000000001
2023-04-10, Pastry - Baked Cinnamon Stick, 2023-05-04, 11, 226.12, Store, Cash, 0.065, 2325.6442
2023-04-28, Appetizer - Crab And Brie, 2023-07-16, 10, 87.97, Store, Cash, 0.07, 818.1210000000001
2023-05-07, Carbonated Water - White Grape, 2023-05-28, 14, 241.26, Store, Cash, 0.08, 3107.4287999999997
2023-03-25, Wine - Vineland Estate Semi - Dry, 2023-06-14, 3, 211.55, App, Visa, 0.05, 602.9175000000001
2023-04-02, Tomatoes - Yellow Hot House, 2023-04-27, 1, 247.74, Store, Visa, 0.05, 235.353
2023-04-27, Ice Cream - Turtles Stick Bar, 2023-06-03, 4, 21.62, App, Visa, 0.05, 82.156
2023-05-01, Lobster - Canned Premium, 2023-05-22, 3, 213.03, App, Visa, 0.07, 594.3537
2023-03-26, Tomatoes - Heirloom, 2023-05-28, 7, 36.84, Store, Visa, 0.05, 244.986
2023-05-03, Bread - Sour Batard, 2023-05-12, 4, 233.47, Store, Cash, 0.21, 737.7652
2023-04-27, Cheese - Briedanish, 2023-05-31, 17, 138.49, Store, Cash, 0.1, 2118.897
2023-05-10, Oil - Sunflower, 2023-05-26, 14, 38.56, Store, Visa, 0.10500000000000001, 483.15680000000003
2023-04-27, Milkettes - 2%, 2023-07-11, 17, 166.49, Store, Cash, 0.1, 2547.297
2023-03-25, Mushroom - Shitake Dry, 2023-05-11, 6, 205.6, Store, Visa, 0.05, 1171.9199999999998
2023-03-24, Langers - Ruby Red Grapfruit, 2023-06-04, 17, 238.93, Store, Cash, 0.1, 3655.629
2023-05-07, Coffee - Frthy Coffee Crisp, 2023-05-20, 14, 227.66, Store, Cash, 0.12000000000000001, 2804.7711999999997
2023-03-30, Wine - Touraine Azay - Le - Rideau, 2023-04-12, 9, 199.39, Store, Visa, 0.11000000000000001, 1597.1138999999998
2023-03-25, Nantucket - 518ml, 2023-05-26, 13, 164.42, App, Visa, 0.11, 1902.3394
2023-04-23, Bar Mix - Lime, 2023-06-01, 10, 86.94, Store, Cash, 0.07, 808.5419999999999
2023-04-02, Brandy Apricot, 2023-06-27, 5, 94.28, Store, Cash, 0.0, 471.4
2023-05-09, Bread - English Muffin, 2023-05-15, 12, 140.76, Store, Cash, 0.155, 1427.3064
2023-04-03, Chevril, 2023-05-29, 11, 49.01, App, Visa, 0.11, 479.8079
2023-04-28, Cocoa Feuilletine, 2023-05-19, 4, 47.61, Store, Cash, 0.09, 173.3004
2023-03-18, Spinach - Packaged, 2023-04-10, 2, 227.38, Store, Cash, 0.07, 422.9268
2023-05-11, Tea - Jasmin Green, 2023-07-05, 6, 67.86, Store, Cash, 0.05, 386.80199999999996
2023-05-06, The Pop Shoppe - Root Beer, 2023-07-07, 4, 235.13, Store, Cash, 0.0, 940.52
2023-03-27, Onions - Cippolini, 2023-06-02, 15, 178.41, App, Visa, 0.125, 2341.63125
2023-03-21, Wine - Magnotta - Cab Franc, 2023-05-14, 17, 177.36, Store, Cash, 0.07500000000000001, 2788.9860000000003
2023-03-25, Chicken - Tenderloin, 2023-04-26, 15, 96.03, Store, Cash, 0.1, 1296.405
2023-04-15, Scallops - 10/20, 2023-07-10, 4, 34.29, Store, Cash, 0.0, 137.16
2023-03-20, Wine - Vovray Sec Domaine Huet, 2023-05-12, 3, 156.18, Store, Cash, 0.05, 445.113
2023-04-05, Lime Cordial - Roses, 2023-05-19, 11, 207.53, App, Visa, 0.11, 2031.7187
2023-05-10, Muffin Hinge 117n, 2023-07-12, 8, 211.66, Store, Visa, 0.05, 1608.616
2023-04-28, Beer - True North Lager, 2023-05-15, 17, 189.56, Store, Cash, 0.115, 2851.9302
2023-03-19, Wine - Red Pinot Noir Chateau, 2023-05-09, 6, 194.58, Store, Cash, 0.05, 1109.106
2023-03-28, Tomato Puree, 2023-06-05, 17, 85.62, Store, Cash, 0.1, 1309.9859999999999
2023-04-17, Pork - Ham Virginia, 2023-07-01, 17, 137.5, App, Visa, 0.15000000000000002, 1986.875
2023-04-03, Jerusalem Artichoke, 2023-06-15, 16, 105.14, App, Visa, 0.15000000000000002, 1429.904
2023-04-20, Wine - Touraine Azay - Le - Rideau, 2023-06-08, 7, 64.66, App, Visa, 0.07500000000000001, 418.6735
2023-04-20, Corn - Cream Canned, 2023-06-14, 7, 39.27, Store, Cash, 0.05, 261.1455
2023-03-15, Banana - Green, 2023-05-13, 1, 125.19, App, Visa, 0.05, 118.9305
2023-03-26, Wine - White Ej, 2023-05-29, 15, 212.16, App, Visa, 0.125, 2784.6
2023-04-14, Beer - Fruli, 2023-06-27, 13, 246.13, App, Visa, 0.11, 2847.7241
2023-03-26, Wine - Casillero Del Diablo, 2023-04-03, 2, 56.7, App, Visa, 0.135, 98.09100000000001
2023-03-13, Whmis Spray Bottle Graduated, 2023-04-20, 10, 140.94, App, Visa, 0.085, 1289.601
2023-04-02, Shrimp - 16 - 20 Cooked Peeled, 2023-05-27, 10, 220.53, Store, Cash, 0.07, 2050.929
2023-04-15, Water - Mineral Natural, 2023-07-09, 14, 142.72, Store, Visa, 0.060000000000000005, 1878.1951999999999
2023-03-30, Versatainer Nc - 8288, 2023-06-22, 7, 82.05, Store, Cash, 0.05, 545.6325
2023-05-06, Wine - Tribal Sauvignon, 2023-07-17, 15, 57.09, Store, Visa, 0.07500000000000001, 792.12375
2023-04-16, Beef - Diced, 2023-05-17, 12, 210.3, Store, Cash, 0.07, 2346.9480000000003
2023-05-06, Wine - Shiraz South Eastern, 2023-07-31, 16, 172.34, Store, Cash, 0.07500000000000001, 2550.632
2023-04-07, Fruit Salad Deluxe, 2023-06-11, 14, 141.24, App, Visa, 0.11, 1759.8504
2023-04-06, Pepper - Paprika Spanish, 2023-05-28, 7, 72.15, App, Visa, 0.07500000000000001, 467.17125000000004
2023-04-29, Squid - Breaded, 2023-06-07, 6, 2.65, Store, Cash, 0.05, 15.104999999999999
2023-03-19, Beef - Kobe Striploin, 2023-04-29, 5, 229.73, Store, Cash, 0.0, 1148.6499999999999
2023-04-28, Salmon - Atlantic No Skin, 2023-07-09, 13, 83.34, Store, Visa, 0.060000000000000005, 1018.4148
2023-04-24, Juice - Cranberry 341 Ml, 2023-07-09, 6, 31.89, App, Visa, 0.07500000000000001, 176.9895
2023-04-26, Skirt - 29 Foot, 2023-07-02, 7, 6.35, App, Visa, 0.07500000000000001, 41.116249999999994
2023-03-17, Lamb - Whole Frozen, 2023-04-04, 9, 240.21, Store, Cash, 0.08499999999999999, 1978.12935
2023-04-10, Cheese - Havarti Roasted Garlic, 2023-05-15, 3, 239.62, App, Visa, 0.07500000000000001, 664.9455
2023-05-10, Cheese - Goat, 2023-05-15, 14, 65.09, App, Visa, 0.2, 729.008
2023-03-27, Temperature Recording Station, 2023-04-03, 13, 156.91, Store, Visa, 0.15000000000000002, 1733.8555
2023-05-07, Blueberries - Frozen, 2023-07-04, 2, 213.94, Store, Cash, 0.0, 427.88
2023-03-18, Shallots, 2023-05-22, 4, 245.4, App, Visa, 0.05, 932.52
2023-05-05, Bar Mix - Lemon, 2023-05-30, 6, 109.11, Store, Visa, 0.05, 621.927
2023-04-16, Vinegar - Balsamic White, 2023-05-18, 3, 128.55, Store, Visa, 0.05, 366.3675
2023-03-28, Pepper - Chipotle Canned, 2023-05-05, 9, 163.06, Store, Visa, 0.05, 1394.163
2023-04-22, Cheese - Marble, 2023-05-12, 3, 40.72, Store, Cash, 0.1, 109.94399999999999
2023-04-02, Sauce - Ranch Dressing, 2023-04-05, 5, 138.93, App, Visa, 0.16, 583.5060000000001
2023-03-17, Milk - Chocolate 250 Ml, 2023-05-24, 1, 138.04, App, Visa, 0.05, 131.138
2023-04-11, Soup - Base Broth Chix, 2023-04-13, 9, 226.77, Store, Cash, 0.165, 1704.1765500000001
2023-03-13, Beef - Kindney Whole, 2023-04-04, 11, 175.49, App, Visa, 0.11499999999999999, 1708.39515
2023-05-07, Bread - White Sliced, 2023-06-21, 15, 89.84, Store, Cash, 0.1, 1212.8400000000001
2023-05-08, Wine - Pinot Noir Stoneleigh, 2023-06-03, 14, 88.48, App, Visa, 0.11, 1102.4608
2023-03-19, Soup Campbells Split Pea And Ham, 2023-03-24, 16, 220.6, Store, Cash, 0.175, 2911.92
2023-04-19, Pike - Frozen Fillet, 2023-07-17, 3, 246.97, Store, Cash, 0.0, 740.91
2023-05-04, Edible Flower - Mixed, 2023-07-18, 6, 27.77, Store, Visa, 0.05, 158.28900000000002
2023-04-16, Bread - Corn Muffaleta Onion, 2023-05-28, 12, 54.51, Store, Visa, 0.060000000000000005, 614.8728
2023-04-07, Ginger - Fresh, 2023-04-20, 11, 129.22, App, Visa, 0.16, 1193.9928
2023-03-26, Doilies - 7 Paper, 2023-06-19, 10, 118.43, App, Visa, 0.085, 1083.6345000000001
2023-05-07, Onions - White, 2023-07-25, 9, 41.21, Store, Cash, 0.05, 352.3455
2023-04-12, Container - Hngd Cll Blk 7x7x3, 2023-06-20, 14, 115.98, Store, Cash, 0.07, 1510.0596
2023-05-06, Oxtail - Cut, 2023-07-19, 15, 53.93, Store, Cash, 0.1, 728.0550000000001
2023-03-17, Juice Peach Nectar, 2023-03-27, 15, 236.75, Store, Visa, 0.15000000000000002, 3018.5625
2023-04-01, Lamb Shoulder Boneless Nz, 2023-04-24, 2, 44.85, Store, Cash, 0.07, 83.421
2023-04-02, Crab - Claws Snow 16 - 24, 2023-05-08, 6, 53.38, App, Visa, 0.07500000000000001, 296.259
2023-05-06, Muffin - Mix - Mango Sour Cherry, 2023-05-21, 1, 120.46, Store, Cash, 0.15, 102.39099999999999
2023-04-16, Soup - French Can Pea, 2023-05-06, 14, 105.55, Store, Visa, 0.085, 1352.0955000000001
2023-04-06, Pepper - Gypsy Pepper, 2023-06-18, 10, 124.43, App, Visa, 0.085, 1138.5345000000002
2023-05-08, Wooden Mop Handle, 2023-07-16, 17, 221.12, Store, Visa, 0.07500000000000001, 3477.112
2023-04-10, Chilli Paste Ginger Garlic, 2023-07-05, 2, 25.07, Store, Cash, 0.0, 50.14
2023-03-24, Tomatoes - Roma, 2023-05-11, 14, 65.78, App, Visa, 0.11, 819.6188000000001
2023-04-18, Dried Peach, 2023-04-29, 15, 218.55, Store, Cash, 0.14500000000000002, 2802.90375
2023-05-06, Lumpfish Black, 2023-05-15, 5, 196.47, App, Visa, 0.13, 854.6445
2023-05-01, Lettuce Romaine Chopped, 2023-07-09, 13, 141.92, Store, Visa, 0.060000000000000005, 1734.2623999999998
2023-03-14, Danishes - Mini Raspberry, 2023-05-06, 12, 163.31, Store, Cash, 0.07, 1822.5396
2023-04-15, Crush - Cream Soda, 2023-05-15, 1, 174.23, App, Visa, 0.05, 165.5185
2023-04-29, Cream - 35%, 2023-05-11, 10, 105.23, Store, Cash, 0.125, 920.7624999999999
2023-04-08, Sauerkraut, 2023-05-14, 14, 164.65, App, Visa, 0.11, 2051.5389999999998
2023-04-05, Cup Translucent 9 Oz, 2023-04-20, 15, 173.74, App, Visa, 0.15, 2215.1850000000004
2023-04-08, Cheese - Parmesan Grated, 2023-05-29, 5, 204.0, Store, Visa, 0.07500000000000001, 943.5
2023-04-22, Pastry - Mini French Pastries, 2023-05-23, 5, 128.64, App, Visa, 0.05, 611.04
2023-04-26, Cape Capensis - Fillet, 2023-05-05, 7, 36.43, App, Visa, 0.155, 215.48345
2023-04-21, Ocean Spray - Ruby Red, 2023-06-28, 7, 82.37, Store, Cash, 0.05, 547.7605
2023-04-23, Veal - Insides Grains, 2023-07-04, 9, 194.02, Store, Cash, 0.05, 1658.871
2023-04-03, Squid - Breaded, 2023-04-25, 2, 131.02, Store, Cash, 0.08, 241.07680000000002
2023-04-01, Initation Crab Meat, 2023-05-26, 6, 98.29, Store, Cash, 0.05, 560.253
2023-03-30, Pate - Liver, 2023-05-31, 17, 92.53, App, Visa, 0.15000000000000002, 1337.0584999999999
2023-05-06, Pasta - Penne Rigate Dry, 2023-05-16, 16, 221.46, Store, Cash, 0.15000000000000002, 3011.8559999999998
2023-04-07, Samosa - Veg, 2023-06-19, 13, 233.69, Store, Cash, 0.07, 2825.3120999999996
2023-03-15, Trueblue - Blueberry 12x473ml, 2023-05-11, 9, 72.06, App, Visa, 0.07500000000000001, 599.8995
2023-04-17, Wine - German Riesling, 2023-04-20, 13, 248.89, App, Visa, 0.21000000000000002, 2556.1002999999996
2023-04-07, Amarula Cream, 2023-04-16, 2, 239.54, Store, Cash, 0.21, 378.4732
2023-04-17, Pastrami, 2023-05-17, 3, 35.53, Store, Cash, 0.0, 106.59
2023-04-10, Blue Curacao - Marie Brizard, 2023-06-28, 3, 175.6, Store, Cash, 0.0, 526.8
2023-03-20, Straws - Cocktale, 2023-03-26, 10, 3.89, Store, Visa, 0.155, 32.8705
2023-04-12, Rabbit - Frozen, 2023-04-22, 13, 149.54, App, Visa, 0.175, 1603.8165
2023-04-25, Wine - Domaine Boyar Royal, 2023-05-20, 5, 144.9, Store, Visa, 0.05, 688.275
2023-03-24, Tomatoes - Roma, 2023-04-30, 5, 192.52, App, Visa, 0.05, 914.47
2023-03-25, Pork - Loin Bone - In, 2023-06-16, 17, 29.49, Store, Visa, 0.07500000000000001, 463.73024999999996
2023-04-04, Beef - Ox Tongue Pickled, 2023-04-09, 15, 203.57, Store, Cash, 0.175, 2519.17875
2023-03-14, Cup - Translucent 7 Oz Clear, 2023-06-02, 3, 42.68, Store, Cash, 0.0, 128.04
2023-04-12, Canadian Emmenthal, 2023-04-29, 11, 35.42, Store, Visa, 0.1, 350.658
2023-04-10, Propel Sport Drink, 2023-07-09, 10, 221.83, Store, Cash, 0.07, 2063.0190000000002
2023-04-26, Langers - Mango Nectar, 2023-05-24, 16, 101.45, App, Visa, 0.15000000000000002, 1379.72
2023-04-07, Sour Puss Sour Apple, 2023-05-24, 1, 236.57, App, Visa, 0.05, 224.7415
2023-04-11, Pomello, 2023-06-04, 13, 60.39, Store, Cash, 0.07, 730.1151
2023-03-27, Cheese Cloth No 100, 2023-05-25, 17, 186.2, App, Visa, 0.15000000000000002, 2690.5899999999997
2023-03-20, Bread Base - Italian, 2023-06-01, 9, 238.44, App, Visa, 0.07500000000000001, 1985.013
2023-05-12, Soup - Campbells Lentil, 2023-05-15, 3, 22.39, App, Visa, 0.16, 56.4228
2023-03-13, Pepper - Black Crushed, 2023-04-30, 13, 102.37, Store, Cash, 0.07, 1237.6533
2023-05-04, Salt - Seasoned, 2023-05-08, 6, 24.64, Store, Cash, 0.155, 124.9248
2023-03-30, Cheese - La Sauvagine, 2023-05-17, 10, 205.46, Store, Cash, 0.085, 1879.9589999999998
2023-04-10, Wine - Pinot Noir Latour, 2023-05-03, 1, 120.14, Store, Cash, 0.060000000000000005, 112.9316
2023-03-14, Sprouts - Peppercress, 2023-06-03, 5, 2.57, App, Visa, 0.05, 12.2075
2023-03-26, Numi - Assorted Teas, 2023-05-14, 10, 88.54, Store, Cash, 0.07, 823.422
2023-03-29, Sambuca Cream, 2023-05-05, 12, 75.83, App, Visa, 0.11, 809.8644
2023-05-08, Lemonade - Mandarin 591 Ml, 2023-06-16, 15, 137.07, Store, Cash, 0.1, 1850.4449999999997
2023-03-22, Melon - Watermelon Seedless, 2023-06-19, 10, 41.32, Store, Cash, 0.07, 384.276
2023-04-24, Rice Paper, 2023-05-15, 12, 59.57, App, Visa, 0.12, 629.0592
2023-04-18, Fruit Salad Deluxe, 2023-06-22, 8, 238.06, Store, Visa, 0.05, 1809.256
2023-04-20, Mortadella, 2023-06-11, 6, 230.36, App, Visa, 0.07500000000000001, 1278.498
2023-03-25, Sausage - Meat, 2023-04-18, 4, 30.89, App, Visa, 0.055, 116.7642
2023-05-01, Wine - Fino Tio Pepe Gonzalez, 2023-06-01, 9, 131.13, App, Visa, 0.07500000000000001, 1091.65725
2023-03-18, Cheese - St. Andre, 2023-06-16, 7, 167.82, App, Visa, 0.1, 1057.266
2023-03-17, Oil - Coconut, 2023-05-02, 17, 121.19, Store, Visa, 0.07500000000000001, 1905.71275
2023-04-08, Soup - Campbells Broccoli, 2023-06-22, 1, 144.03, Store, Visa, 0.05, 136.8285
2023-04-19, Cranberries - Dry, 2023-07-09, 3, 139.58, Store, Visa, 0.05, 397.803
2023-05-11, Ezy Change Mophandle, 2023-06-09, 8, 129.63, Store, Cash, 0.030000000000000002, 1005.9287999999999
2023-05-04, Gherkin, 2023-07-08, 8, 37.53, App, Visa, 0.07500000000000001, 277.722
2023-04-17, Carbonated Water - Raspberry, 2023-04-24, 12, 87.07, Store, Cash, 0.15000000000000002, 888.1139999999999
2023-04-13, Cornstarch, 2023-05-14, 8, 245.26, Store, Cash, 0.05, 1863.9759999999999
2023-04-19, Iced Tea Concentrate, 2023-06-12, 6, 163.04, App, Visa, 0.07500000000000001, 904.872
2023-04-18, Pasta - Rotini Colour Dry, 2023-04-24, 4, 20.13, Store, Cash, 0.24, 61.1952
2023-04-14, Sour Puss Raspberry, 2023-06-07, 8, 38.32, App, Visa, 0.07500000000000001, 283.568
2023-04-24, Bread Country Roll, 2023-05-19, 2, 75.17, Store, Cash, 0.05, 142.823
2023-03-16, Apple - Fuji, 2023-05-21, 15, 16.35, App, Visa, 0.125, 214.59375000000003
2023-04-27, Soup - Boston Clam Chowder, 2023-06-07, 6, 148.72, Store, Cash, 0.05, 847.704
2023-04-14, Trout - Smoked, 2023-07-08, 4, 143.96, Store, Cash, 0.0, 575.84
2023-04-09, Beer - Camerons Cream Ale, 2023-05-21, 10, 57.34, App, Visa, 0.085, 524.6610000000001
2023-04-25, Juice - Orange 341 Ml, 2023-06-14, 17, 178.63, Store, Cash, 0.1, 2733.039
2023-04-09, Pike - Frozen Fillet, 2023-06-22, 2, 119.96, Store, Cash, 0.0, 239.92
2023-05-02, Crab - Imitation Flakes, 2023-05-05, 1, 206.65, Store, Cash, 0.27, 150.8545
2023-03-19, Bag Clear 10 Lb, 2023-04-08, 13, 41.04, Store, Cash, 0.085, 488.1708
2023-05-10, Wine - Mas Chicet Rose Vintage, 2023-07-15, 10, 102.28, Store, Cash, 0.060000000000000005, 961.4319999999999
2023-05-04, Yoghurt Tubes, 2023-06-10, 17, 150.47, App, Visa, 0.15000000000000002, 2174.2915
2023-03-17, Milk - Skim, 2023-04-19, 13, 75.7, Store, Cash, 0.07, 915.213
2023-05-03, Toothpick Frilled, 2023-05-06, 2, 249.77, App, Visa, 0.16, 419.6136
2023-04-06, Table Cloth 120 Round White, 2023-06-07, 5, 126.5, Store, Cash, 0.0, 632.5
2023-04-09, Vinegar - Balsamic, 2023-07-08, 14, 218.9, App, Visa, 0.11, 2727.4939999999997
2023-03-24, Canadian Emmenthal, 2023-05-10, 15, 226.6, Store, Visa, 0.07500000000000001, 3144.075
2023-03-16, Cookies - Oreo 4 Pack, 2023-05-26, 2, 167.88, Store, Cash, 0.0, 335.76
2023-05-10, Wine - Red Cooking, 2023-06-08, 12, 117.64, Store, Cash, 0.060000000000000005, 1326.9792
2023-04-09, Appetizer - Asian Shrimp Roll, 2023-06-16, 12, 16.79, App, Visa, 0.11, 179.31719999999999
2023-03-30, Rum - Cream Amarula, 2023-06-13, 1, 134.62, Store, Visa, 0.05, 127.88900000000001
2023-03-15, Lettuce - Frisee, 2023-03-21, 9, 55.73, Store, Cash, 0.145, 428.84235
2023-04-20, Broom And Broom Rack White, 2023-07-19, 6, 104.25, Store, Cash, 0.05, 594.225
2023-03-14, Squash - Acorn, 2023-06-05, 11, 128.64, Store, Cash, 0.07, 1315.9872
2023-04-25, Water - Spring Water 355 Ml, 2023-07-16, 14, 221.91, Store, Cash, 0.07, 2889.2682
2023-04-02, Beans - Black Bean Dry, 2023-05-19, 17, 27.22, Store, Cash, 0.1, 416.466
2023-04-26, Gatorade - Orange, 2023-06-09, 16, 89.79, Store, Cash, 0.1, 1292.976
2023-04-13, Beer - Labatt Blue, 2023-05-13, 6, 39.62, Store, Cash, 0.05, 225.83399999999997
2023-05-08, Soup - Campbells Beef Strogonoff, 2023-07-19, 9, 198.75, Store, Visa, 0.05, 1699.3125
2023-04-21, Pears - Fiorelle, 2023-05-08, 12, 214.24, Store, Cash, 0.1, 2313.792
2023-05-03, Pumpkin - Seed, 2023-05-20, 12, 207.73, Store, Cash, 0.1, 2243.484
2023-04-27, Cookie Dough - Peanut Butter, 2023-05-20, 13, 209.91, App, Visa, 0.11, 2428.6587
2023-04-03, Cheese - Le Cheve Noir, 2023-06-01, 15, 30.15, App, Visa, 0.125, 395.71875
2023-03-17, Seaweed Green Sheets, 2023-06-07, 5, 92.83, Store, Visa, 0.05, 440.9425
2023-05-01, Truffle Paste, 2023-05-16, 13, 56.91, App, Visa, 0.15, 628.8554999999999
2023-04-24, Mcguinness - Blue Curacao, 2023-06-08, 17, 101.32, Store, Visa, 0.07500000000000001, 1593.2569999999998
2023-03-21, Sugar - White Packet, 2023-06-18, 7, 74.82, Store, Cash, 0.05, 497.553
2023-03-20, Mushroom - Porcini Frozen, 2023-04-15, 1, 168.44, Store, Cash, 0.04, 161.7024
2023-04-09, Bread - Multigrain Loaf, 2023-06-17, 1, 26.95, Store, Cash, 0.0, 26.95
2023-04-11, Wine - Magnotta White, 2023-05-25, 9, 165.52, App, Visa, 0.07500000000000001, 1377.954
2023-05-04, Southern Comfort, 2023-05-19, 12, 209.5, Store, Cash, 0.11, 2237.46
2023-04-02, Bread Base - Italian, 2023-04-30, 12, 215.82, Store, Cash, 0.045000000000000005, 2473.2972
2023-03-19, Wine - Ruffino Chianti, 2023-04-23, 12, 249.0, Store, Cash, 0.060000000000000005, 2808.72
2023-03-21, Rice - 7 Grain Blend, 2023-05-25, 3, 92.48, Store, Visa, 0.05, 263.568
2023-05-09, Split Peas - Yellow Dry, 2023-06-24, 5, 45.82, Store, Cash, 0.0, 229.1
2023-04-27, Oil - Olive Bertolli, 2023-07-10, 8, 27.11, Store, Visa, 0.05, 206.036
2023-03-26, Lamb - Whole Head Off, 2023-04-01, 16, 43.78, Store, Cash, 0.16999999999999998, 581.3984
2023-03-29, Basil - Dry Rubbed, 2023-06-22, 14, 62.45, Store, Cash, 0.07, 813.099
2023-05-01, Kiwi Gold Zespri, 2023-07-01, 4, 8.94, Store, Cash, 0.0, 35.76
2023-04-08, Cheese - Marble, 2023-04-30, 1, 123.76, App, Visa, 0.09, 112.6216
2023-03-21, Maple Syrup, 2023-05-21, 10, 94.95, Store, Visa, 0.060000000000000005, 892.53
2023-04-21, Mushroom - Shitake Fresh, 2023-07-09, 8, 142.17, Store, Cash, 0.05, 1080.492
2023-04-27, Wine - Tio Pepe Sherry Fino, 2023-06-06, 8, 200.62, Store, Cash, 0.05, 1524.712
2023-03-19, Bread - Italian Roll With Herbs, 2023-04-14, 4, 89.82, Store, Cash, 0.04, 344.9088
2023-03-16, Sausage - Meat, 2023-05-28, 3, 78.98, App, Visa, 0.05, 225.093
2023-03-21, Cheese - Stilton, 2023-04-14, 10, 151.5, Store, Cash, 0.085, 1386.225
2023-03-19, Coconut - Whole, 2023-04-28, 5, 82.22, Store, Visa, 0.05, 390.545
2023-05-01, Sauce Bbq Smokey, 2023-05-04, 8, 214.28, Store, Cash, 0.16, 1439.9616
2023-03-21, Soup - Campbells Beef Noodle, 2023-04-13, 4, 37.25, Store, Cash, 0.07, 138.57
2023-03-30, Pop - Club Soda Can, 2023-05-22, 7, 44.56, Store, Cash, 0.05, 296.324
2023-05-05, Vinegar - Balsamic, 2023-06-22, 3, 69.39, Store, Visa, 0.05, 197.7615
2023-05-01, Soup - Verve - Chipotle Chicken, 2023-05-27, 12, 110.59, Store, Cash, 0.05500000000000001, 1254.0906
2023-05-01, Wasabi Powder, 2023-07-15, 1, 150.94, Store, Visa, 0.05, 143.393
2023-04-20, Beans - Turtle Black Dry, 2023-06-18, 16, 30.29, Store, Cash, 0.1, 436.176
2023-04-25, Pastry - Mini French Pastries, 2023-07-04, 1, 224.65, Store, Cash, 0.0, 224.65
2023-04-22, Muffin Mix - Oatmeal, 2023-05-22, 4, 149.11, Store, Cash, 0.0, 596.44
2023-04-02, Pasta - Cheese / Spinach Bauletti, 2023-06-09, 10, 8.58, App, Visa, 0.1, 77.22
2023-04-24, 7up Diet 355 Ml, 2023-05-17, 6, 9.96, Store, Cash, 0.060000000000000005, 56.174400000000006
2023-05-06, Soup Campbells Turkey Veg., 2023-06-23, 5, 59.82, Store, Cash, 0.0, 299.1
2023-03-23, Muffin - Zero Transfat, 2023-04-20, 11, 66.71, App, Visa, 0.325, 495.32174999999995
2023-04-27, Rum - White Gg White, 2023-07-06, 17, 230.88, Store, Cash, 0.1, 3532.464
2023-04-02, Arizona - Green Tea, 2023-06-05, 16, 229.55, Store, Visa, 0.07500000000000001, 3397.34
2023-04-05, Tart Shells - Sweet 4, 2023-05-06, 3, 67.73, Store, Cash, 0.0, 203.19
2023-05-02, Bread - Malt, 2023-05-15, 14, 144.88, Store, Cash, 0.12000000000000001, 1784.9216
2023-04-03, Milk - Buttermilk, 2023-04-27, 4, 166.99, Store, Cash, 0.06, 627.8824000000001
2023-04-03, Brandy - Orange Mc Guiness, 2023-05-03, 7, 130.18, App, Visa, 0.07500000000000001, 842.9155
2023-04-11, Wheat - Soft Kernal Of Wheat, 2023-06-04, 5, 124.96, Store, Cash, 0.0, 624.8
2023-04-04, Snails - Large Canned, 2023-04-25, 14, 24.1, App, Visa, 0.12, 296.91200000000003
2023-04-11, Garbag Bags - Black, 2023-05-20, 12, 77.24, Store, Visa, 0.060000000000000005, 871.2671999999999
2023-03-29, Persimmons, 2023-05-09, 5, 136.79, App, Visa, 0.05, 649.7524999999999
2023-03-14, Salmon Atl.whole 8 - 10 Lb, 2023-04-20, 8, 156.61, App, Visa, 0.07500000000000001, 1158.914
2023-03-30, Soup - Campbells Mushroom, 2023-04-27, 7, 109.53, App, Visa, 0.07500000000000001, 709.20675
2023-04-29, Soup - Campbells Cream Of, 2023-05-21, 4, 112.28, Store, Cash, 0.08, 413.1904
2023-04-10, Stainless Steel Cleaner Vision, 2023-07-08, 16, 189.18, Store, Cash, 0.1, 2724.192
2023-05-01, Juice - Ocean Spray Cranberry, 2023-05-27, 7, 166.35, Store, Cash, 0.045, 1112.0497500000001
2023-03-31, Beets, 2023-04-29, 16, 147.22, App, Visa, 0.15000000000000002, 2002.192
2023-04-04, Fish - Base Bouillion, 2023-05-10, 4, 118.02, App, Visa, 0.05, 448.476
2023-03-26, Bread - Crumbs Bulk, 2023-06-02, 13, 43.03, App, Visa, 0.11, 497.8571
2023-03-16, Sauce Bbq Smokey, 2023-03-21, 12, 10.45, Store, Visa, 0.16, 105.33599999999998
2023-03-17, Basil - Pesto Sauce, 2023-05-09, 2, 68.81, App, Visa, 0.05, 130.739
2023-04-17, Macaroons - Two Bite Choc, 2023-04-19, 4, 16.93, App, Visa, 0.165, 56.5462
2023-04-22, Plaintain, 2023-07-07, 11, 238.69, Store, Visa, 0.060000000000000005, 2468.0546
2023-04-04, Cookies Almond Hazelnut, 2023-06-12, 5, 38.24, Store, Visa, 0.05, 181.64000000000001
2023-04-27, Pear - Asian, 2023-07-20, 14, 243.82, App, Visa, 0.11, 3037.9972
2023-04-23, Long Island Ice Tea, 2023-04-30, 3, 104.64, Store, Visa, 0.14, 269.9712
2023-03-14, Cheese - St. Paulin, 2023-05-22, 5, 8.91, Store, Cash, 0.1, 40.095
2023-04-10, Plate Pie Foil, 2023-05-13, 13, 214.06, Store, Visa, 0.060000000000000005, 2615.8132
2023-03-22, Scallops - 20/30, 2023-05-24, 14, 202.69, Store, Cash, 0.07, 2639.0238
2023-04-16, Lettuce - Spring Mix, 2023-06-24, 15, 156.02, Store, Visa, 0.07500000000000001, 2164.7775
2023-03-27, Rosemary - Dry, 2023-04-06, 11, 108.69, App, Visa, 0.175, 986.3617499999999
2023-04-13, Chicken Breast Halal, 2023-04-28, 1, 178.75, Store, Cash, 0.15, 151.9375
2023-04-01, Nescafe - Frothy French Vanilla, 2023-05-05, 12, 39.98, Store, Cash, 0.07, 446.17679999999996
2023-03-18, Bread - Raisin Walnut Oval, 2023-03-30, 5, 137.17, Store, Cash, 0.18, 562.3969999999999
2023-04-13, Kahlua, 2023-04-24, 7, 46.35, App, Visa, 0.14500000000000002, 277.40475
2023-04-07, Bread - Roll Soft White Round, 2023-04-09, 7, 196.49, Store, Cash, 0.165, 1148.48405
2023-04-14, 7up Diet 355 Ml, 2023-06-20, 15, 123.85, Store, Cash, 0.1, 1671.975
2023-03-21, Chinese Foods - Plain Fried Rice, 2023-03-30, 16, 227.83, Store, Cash, 0.155, 3080.2616000000003
2023-04-10, Chicken - Whole, 2023-06-20, 15, 2.58, Store, Cash, 0.1, 34.830000000000005
2023-04-17, Goldschalger, 2023-06-08, 1, 210.04, Store, Cash, 0.0, 210.04
2023-04-11, External Supplier, 2023-05-31, 5, 142.72, Store, Cash, 0.0, 713.6
2023-04-02, Wine - Coteaux Du Tricastin Ac, 2023-06-04, 14, 150.4, App, Visa, 0.11, 1873.984
2023-03-19, Vol Au Vents, 2023-05-26, 1, 182.95, Store, Cash, 0.0, 182.95
2023-04-30, Mushrooms - Honey, 2023-05-18, 15, 129.55, Store, Cash, 0.11, 1729.4925000000003
2023-05-08, Tomatoes Tear Drop Yellow, 2023-07-15, 12, 157.22, Store, Visa, 0.060000000000000005, 1773.4415999999999
2023-04-24, Nut - Pecan Halves, 2023-06-18, 14, 153.77, Store, Cash, 0.07, 2002.0854000000002
2023-03-25, Yoplait Drink, 2023-04-15, 4, 104.59, App, Visa, 0.07, 389.0748
2023-04-01, Wine - Magnotta - Cab Franc, 2023-06-16, 1, 130.59, App, Visa, 0.05, 124.0605
2023-04-18, Goat - Whole Cut, 2023-05-03, 1, 151.8, Store, Cash, 0.15, 129.03
2023-04-01, Oil - Pumpkinseed, 2023-06-09, 1, 237.3, Store, Cash, 0.0, 237.3
2023-04-13, Cookie Trail Mix, 2023-05-19, 14, 172.88, Store, Cash, 0.07, 2250.8976
2023-04-25, Veal - Bones, 2023-05-20, 5, 138.77, App, Visa, 0.05, 659.1575
2023-05-01, Goulash Seasoning, 2023-06-15, 15, 164.89, App, Visa, 0.125, 2164.18125
2023-04-27, Buffalo - Striploin, 2023-07-24, 2, 101.45, Store, Visa, 0.05, 192.755
2023-04-29, Juice - Lagoon Mango, 2023-06-30, 13, 234.01, Store, Cash, 0.07, 2829.1809000000003
2023-03-30, Milk - Chocolate 250 Ml, 2023-04-05, 12, 133.88, App, Visa, 0.195, 1293.2808
2023-05-10, Flower - Leather Leaf Fern, 2023-07-19, 10, 245.38, Store, Visa, 0.060000000000000005, 2306.572
2023-04-04, Fish - Soup Base Bouillon, 2023-04-28, 9, 95.57, App, Visa, 0.08, 791.3195999999999
2023-05-12, Silicone Paper 16.5x24, 2023-07-08, 11, 145.99, App, Visa, 0.11, 1429.2421000000002
2023-05-12, Red Currants, 2023-07-11, 17, 208.22, Store, Visa, 0.07500000000000001, 3274.2594999999997
2023-05-01, Lamb - Shanks, 2023-05-14, 14, 205.98, App, Visa, 0.16, 2422.3248
2023-03-17, Coriander - Seed, 2023-04-16, 15, 60.88, Store, Visa, 0.07500000000000001, 844.71
2023-03-24, Pepper - Sorrano, 2023-05-28, 7, 198.13, Store, Cash, 0.05, 1317.5645
2023-03-30, Ecolab - Hobart Upr Prewash Arm, 2023-05-22, 16, 11.52, Store, Cash, 0.1, 165.888
2023-04-17, Oil - Coconut, 2023-06-11, 13, 227.47, Store, Cash, 0.07, 2750.1123000000002
2023-04-14, Juice - Orange 1.89l, 2023-04-17, 16, 246.62, Store, Visa, 0.185, 3215.9248000000002
2023-04-03, Fennel - Seeds, 2023-04-12, 10, 25.65, Store, Cash, 0.14, 220.59
2023-03-22, Lotus Rootlets - Canned, 2023-05-15, 17, 11.33, Store, Cash, 0.1, 173.34900000000002
2023-03-21, Chocolate - Chips Compound, 2023-05-13, 9, 2.21, Store, Visa, 0.05, 18.895500000000002
2023-05-08, Bagel - Everything, 2023-07-14, 14, 14.0, Store, Cash, 0.07, 182.28
2023-03-23, Beef - Sushi Flat Iron Steak, 2023-05-08, 3, 165.0, Store, Visa, 0.275, 358.875
2023-04-08, Cheese - Colby, 2023-05-20, 2, 178.87, App, Visa, 0.07500000000000001, 330.9095
2023-03-27, Bagel - Sesame Seed Presliced, 2023-04-23, 14, 56.25, Store, Cash, 0.05, 748.125
2023-04-03, Tomatoes - Cherry, 2023-04-16, 15, 149.69, App, Visa, 0.16, 1886.094
2023-03-26, Pastry - Banana Muffin - Mini, 2023-05-19, 4, 113.46, Store, Visa, 0.05, 431.14799999999997
2023-03-23, Cheese - Cream Cheese, 2023-06-10, 9, 76.68, Store, Cash, 0.3, 483.08400000000006
2023-04-18, Pork Casing, 2023-06-29, 2, 18.75, App, Visa, 0.05, 35.625
2023-04-05, Wine - Puligny Montrachet A., 2023-06-08, 2, 99.6, App, Visa, 0.05, 189.23999999999998
2023-04-29, Soup - Clam Chowder Dry Mix, 2023-05-14, 17, 93.42, App, Visa, 0.175, 1310.2155
2023-03-20, Pork - Smoked Kassler, 2023-05-28, 15, 3.52, Store, Cash, 0.1, 47.519999999999996
2023-04-23, Cardamon Ground, 2023-07-09, 3, 117.79, App, Visa, 0.05, 335.7015
2023-05-12, Island Oasis - Lemonade, 2023-05-16, 7, 30.26, App, Visa, 0.18, 173.69240000000002
2023-04-21, Coffee Beans - Chocolate, 2023-04-26, 9, 19.46, App, Visa, 0.175, 144.49050000000003
2023-03-21, Glucose, 2023-06-04, 11, 60.92, App, Visa, 0.11, 596.4068
2023-04-20, Beef - Tongue Cooked, 2023-05-13, 15, 13.78, Store, Visa, 0.085, 189.13049999999998
2023-03-25, Table Cloth 62x120 Colour, 2023-05-15, 17, 26.57, App, Visa, 0.15000000000000002, 383.93649999999997
2023-03-31, Gatorade - Orange, 2023-05-15, 4, 154.15, Store, Cash, 0.0, 616.6
2023-05-07, Pasta - Lasagna Dry, 2023-07-31, 7, 80.81, Store, Cash, 0.05, 537.3865000000001
2023-04-19, Soup - Cream Of Broccoli, 2023-05-03, 15, 162.26, Store, Visa, 0.13, 2117.4929999999995
2023-04-06, Sambuca - Ramazzotti, 2023-07-05, 11, 191.82, App, Visa, 0.11, 1877.9178
2023-04-28, Wine - Kwv Chenin Blanc South, 2023-06-16, 10, 8.87, App, Visa, 0.085, 81.16049999999998
2023-04-06, Wine - Manischewitz Concord, 2023-04-16, 1, 5.39, App, Visa, 0.125, 4.71625
2023-05-02, Cookie Dough - Double, 2023-06-18, 11, 169.19, Store, Cash, 0.07, 1730.8137
2023-05-03, Beef - Bresaola, 2023-05-09, 6, 91.29, App, Visa, 0.16999999999999998, 454.62420000000003
2023-04-13, Smoked Paprika, 2023-06-22, 1, 202.23, App, Visa, 0.05, 192.11849999999998
2023-04-22, Puree - Blackcurrant, 2023-07-07, 15, 10.48, Store, Cash, 0.1, 141.48000000000002
2023-05-03, Pepper - Chillies Crushed, 2023-06-19, 17, 72.58, App, Visa, 0.15000000000000002, 1048.781
2023-04-22, Tea - English Breakfast, 2023-06-21, 16, 6.63, Store, Visa, 0.07500000000000001, 98.124
2023-04-23, Mustard - Individual Pkg, 2023-07-04, 7, 198.68, App, Visa, 0.07500000000000001, 1286.453
2023-04-01, Cheese - Goat, 2023-05-25, 5, 213.05, Store, Cash, 0.1, 958.725
2023-04-25, Swiss Chard, 2023-05-25, 1, 242.97, Store, Cash, 0.0, 242.97
2023-03-26, Juice - Apple 284ml, 2023-04-22, 17, 30.02, Store, Cash, 0.065, 477.1679
2023-04-08, Dip - Tapenade, 2023-05-15, 15, 188.33, App, Visa, 0.125, 2471.83125
2023-04-18, Horseradish - Prepared, 2023-05-06, 6, 164.86, App, Visa, 0.11, 880.3524000000001
2023-04-27, Bar Mix - Pina Colada 355 Ml, 2023-07-12, 15, 86.4, App, Visa, 0.125, 1134.0
2023-03-22, Wine - White Riesling Semi - Dry, 2023-06-08, 1, 102.32, App, Visa, 0.05, 97.204
2023-03-25, Chicken - Leg / Back Attach, 2023-06-20, 7, 38.09, Store, Visa, 0.05, 253.2985
2023-05-07, Radish - Pickled, 2023-06-01, 16, 243.4, Store, Visa, 0.07500000000000001, 3602.32
2023-03-23, Mushroom - Chantrelle Fresh, 2023-04-06, 5, 19.92, App, Visa, 0.33, 66.732
2023-04-11, Chicken - White Meat With Tender, 2023-07-01, 9, 69.71, App, Visa, 0.07500000000000001, 580.33575
2023-04-21, Shrimp - Black Tiger 13/15, 2023-07-10, 17, 101.43, Store, Cash, 0.1, 1551.8790000000001
2023-04-14, Food Colouring - Pink, 2023-05-27, 4, 91.88, Store, Cash, 0.0, 367.52
2023-04-27, Chicken - Breast 5 - 7 Oz, 2023-06-15, 15, 192.27, Store, Cash, 0.1, 2595.645
2023-03-24, Blueberries, 2023-05-27, 3, 16.26, Store, Cash, 0.0, 48.78
2023-04-25, Wine - Charddonnay Errazuriz, 2023-05-27, 12, 109.45, App, Visa, 0.11, 1168.9260000000002
2023-04-24, Veal - Round Eye Of, 2023-06-18, 17, 206.63, App, Visa, 0.15000000000000002, 2985.8035
2023-04-27, Veal - Leg, 2023-07-02, 3, 152.74, App, Visa, 0.05, 435.309
2023-03-31, Gin - Gilbeys London Dry, 2023-05-09, 4, 234.71, Store, Visa, 0.05, 891.898
2023-04-14, Creme De Banane - Marie, 2023-06-04, 1, 9.05, App, Visa, 0.05, 8.5975
